id_unico,estrato,classe_pre_triagem,titulo,resumo,bloco_a_presente,bloco_b_presente,bloco_c_presente,bloco_d_presente
REG_03867,relevante,relevante,Contribution of Facilities Management Towards Hotel Sustainability,"This paper is formulated in response to the need to understand the concept of facilities management practice and the growing importance given to sustainability issues in hotels. It aims to present the main contribution of facilities management in the operation, management and maintenance of sustainable hotels. It expounds the role of facilities management in a hotel facility and how it relates to the three-dimensional concept of sustainability that focuses on environmental, economic and social equity issues. The integration of the different facets of facilities management to the triple bottom ",sim,sim,nao,sim
REG_07158,relevante,relevante,Digital twin with Machine learning for predictive monitoring of CO2 equivalent from existing buildings,"The revolution of the industry 4.0 presents a new era of digital transformation for the construction industry, advancing towards the concept of digital twins, while on the other hand it faces the global challenge of reducing carbon emissions from operational assets. The current research gap in the application of digital twins for achieving net zero were reviewed in this study, highlighting its potentials for enhancement in the built environment, and emphasizing the need for demonstration of a use-case analysis for its adoption by the industry. This research presents a digital twin solution to ",sim,sim,nao,nao
REG_00001,relevante,relevante,Balancing stakeholder expectations in sustainability management: The rinker center project at Stetson University,"The Marshall and Vera Lea Rinker Welcome Center is a US$7.634 million budgeted new building that was opened in August 2016 to house various administrative and student-related functions at Stetson University in Florida. Al Allen, the University's Vice President of Facilities Management, was the point person entrusted with not only completing the project on time and on budget but also ensuring that the building received external certification that validated its sustainability standards. Allen's task was not an easy one because he had to address the often-conflicting demands of the project's stak",sim,sim,nao,nao
REG_01782,relevante,relevante,Analysis of environmental aspects in high energy performance family house - Case study,"In general, high energy performance building design ranges from architectural design to the application of technologies for energy conversation. Many applications are focused on insulation of facades, roofs and floors to those that are used systems for renewable energy sources. The aim of the innovations is not only energy saving but also reduce costs and preserve natural resources. One key element of high energy performance building design is use of basic form and enclosure of a building to save energy while enhancing occupant comfort. Besides energy need for building operation the significan",sim,sim,nao,nao
REG_02609,relevante,relevante,"A System Proposal for Information Management in Building Sector Based on BIM, SSI, IoT and Blockchain","This work presents a Self Sovereign Identity based system proposal to show how Blockchain, Building Information Modeling, Internet of Thing devices, and Self Sovereign Identity concepts can support the process of building digitalization, guaranteeing the compliance standards and technical regulations. The proposal ensures eligibility, transparency and traceability of all information produced by stakeholders, or generated by IoT devices appropriately placed, during the entire life cycle of a building artifact. By exploiting the concepts of the Self Sovereign Identity, our proposal allows the id",sim,sim,nao,nao
REG_03629,relevante,relevante,Placemaking as an approach of sustainable urban facilities management,"Purpose: This paper aims to present the potential of placemaking as an approach of sustainable urban facilities management and its impacts on the improvement of the planning procedures which was aimed at involving citizens in the process itself. The study is based on the general concept of placemaking represented as an “overarching idea and a hands-on approach for improving a neighbourhood, city or region”, that serves as a process that “inspires people to collectively reimagine and reinvent public spaces as the heart of every community” (PPS, 2007). Design/methodology/approach: The study used",sim,sim,nao,nao
REG_02686,relevante,relevante,The Future of Facilities Management: Managing Facilities for Sustainable Development,[No abstract available],sim,sim,nao,nao
REG_03530,relevante,relevante,"Circular Economy in India: Reduce, Reuse, and Recycle Through Policy Framework","In India, waste generation is increasing due to rapid industrialization and urbanization. For ensuring the safety of environment and sustainable management of waste, the statutory guidelines, rules, and principles are set. It is very important that how effectively these rules are implemented. The Environment Protection Act (EPA) in 1986 and subsequently a number of other rules supporting sustainable management of wastes were established in India to protect environmental quality and reduction of pollution from all potential sources in India. Based on the 3Rs (reduce–reuse–recycle) and circular ",sim,sim,nao,nao
REG_02078,relevante,relevante,Uncertainty and sensitivity analysis of building performance using probabilistic climate projections: A UK case study,This study explores the uncertainties and sensitivities in the prediction of the thermal performance of buildings under climate change. This type of analysis is key to the assessment of the adaptability and resilience of buildings to changing climate conditions. The paper presents a comprehensive overview of the key methodological steps needed for a probabilistic prediction of building performance in the long term future (50 to 80 years). The approach propagates uncertainties in climate change predictions as well as the uncertainties related to interventions in building fabric and systems. A c,sim,sim,nao,sim
REG_00048,relevante,relevante,Highway traveller information services success (HiTISS): Tools and information needs,"This paper aims to present the issues of the urban transportation system, implication, and proposed solutions. A sustainable urban mobility planning has a direct positive effect on the urban economic wellbeing dimensions such as; business diversity, financial viability, and service efficiency. However, the growing pressure on urban roads and highway travel demand could affect the failure of the performance of its networks. Thus, the proposed solution is to successfully implement highway traveller information services in this digital age. An urban highway can be classified as a road or street w",sim,sim,nao,nao
REG_06357,relevante,relevante,"A Comprehensive Study on Building Maintenance Practices for Heritage Shop Houses in Penang, Malaysia","The preservation of heritage shop houses in Penang, Malaysia, faces a critical challenge due to the absence of regular building maintenance practices. While a few conservation efforts were prompted by severe deterioration, there is a notable deficiency in implementing routine maintenance measures. The current approach primarily intervenes when buildings reach a state of severe disrepair, neglecting the imperative for continuous upkeep and adherence to maintenance regulations. This reactive strategy not only jeopardises the structural integrity of these historic structures but also destroy thei",sim,sim,nao,nao
REG_03326,relevante,relevante,Operational text-mining methods for enhancing building maintenance management,"Facility managers can significantly benefit from operational data, such as maintenance requests, stored in computerized maintenance management systems (CMMSs). This data is a valuable means to assess building performance and gain insights for preventive maintenance actions. However, databases are not always organized in such a way that allow undertaking analytics, therefore resulting in troubles when trying to generate useful information from raw data. This paper presents two methods based on a text-mining approach to extract valuable information from textual maintenance requests. The first me",sim,sim,nao,nao
REG_01155,relevante,relevante,Building information modeling for facilities management: Current practices and future prospects,"Building Information Modeling (BIM) has demonstrated important functional applications for architects, engineers and constructors, as both a tool and a process. However, its relative value for Facility Management (FM) has been widely debated in the industry. By leveraging the data resident in the geometric models, it can be reasoned that using BIM for FM is a valuable function of information management. The potential impact BIM has on cost reduction coupled with increased facility life cycle efficiencies are compelling arguments to keep developing and refining BIM for FM. As it continues to de",sim,sim,nao,nao
REG_08187,relevante,relevante,Continuous maintenance for college campus,"Today's HVAC systems may be energy efficient in design. However, if they are not installed for maintenance serviceability, they will not be maintained by the owner to the best possible standards. If the owner is not provided training or does not commit to providing for necessary proactive maintenance, mechanical equipment will not achieve long-term efficiency and life expectancy. Maintenance planning is critical to the success of a sustainable efficient chiller plant, whether a decentralized plant for a single facility, a large central plant for distribution to a campus environment or a design",sim,sim,nao,sim
REG_08183,relevante,relevante,To a new Dutch service life database of building products,"Obtaining information on reliable service lives of building products is of great importance when completing environmental life-cycle assessment (LCA) reviews, for life-cycle costing (LCC) and for maintenance planning tasks. In the Netherlands a catalogue for the reference service lives of building components exists since 1995. The catalogue covers all common building components and building services. There is a lack of reliable reference service life data of building products. All available international service life databases are not in accordance with criteria for reliable data, set down in ",sim,sim,nao,nao
REG_03515,relevante,relevante,A case study comparing the completeness and expressiveness of two industry recognized ontologies,"Enabling Smart Building applications will help to achieve the ongoing efficient commissioning of buildings, ultimately attaining peak performance in energy use and improved occupant health and comfort, at minimum cost. For these technologies to be scalable, ontology must be adopted to semantically represent data generated by building mechanical systems, acting as conduit for connection to Smart Building applications. As the Building Automation System (BAS) industry considers Brick and Project Haystack ontologies for such applications, this paper provides a quantitative comparison of their comp",sim,sim,nao,nao
REG_04478,relevante,relevante,Costs and benefits of optimizing hydronic performance of water-based heating and cooling systems,"The paper presents physical, economical and practical aspects of optimizing hydronics in heating and cooling systems using water as energy medium by hydronic balancing. The analysis is done with the objective to examine if retrofit of hydronic balancing in existing buildings is economically and technically feasible. The scope covers residential and non-residential buildings with fan-coil, surface and radiator heat emission systems and addresses impacts on building performance under typical, dynamically varying operating conditions. The paper starts with a qualitative assessment of different hy",sim,sim,nao,nao
REG_03692,relevante,relevante,Student construction sustainability evaluations: A LEED lab case study,"Construction sustainability involves processes, decisions, and actions during a project life cycle to enhance the project's social, economic, and environmental performance. Much of the existing guidance available to practitioners focuses on planning and execution utilizing a sustainability framework such as the Leadership in Energy and Environmental Design (LEED) by the U.S. Green Building Council (USGBC). As the demand for sustainability is increasing, universities are offering courses about construction sustainability to educate future professionals and provide hands-on experience to prepare",sim,sim,nao,sim
REG_03456,relevante,relevante,"Multi-objective Genetic Algorithm Optimization of HVAC Operation: Integrating Energy Consumption, Thermal Comfort, and Productivity","An important share of the energy demand of buildings is attributed to the heating, ventilation, and air conditioning (HVAC) systems. Simple changes in the operational settings of these systems, such as adjusting the thermostat setpoint temperatures, can have a significant impact on building performance (e.g., energy consumption and costs). In parallel, changes in indoor environmental conditions can directly impact occupants’ comfort, wellbeing, and productivity. A review of the literature indicates that the stated metrics of building performance are often studied in isolation, failing to captu",sim,sim,nao,nao
REG_03199,relevante,relevante,Pre-Design Study of Balai Warga Kelurahan Taman Sari's Building for Optimization Building Performance and Design Efficiency Strategies on Material Specification,"Building performance simulation is being increasingly deployed beyond the building design phase, pre-design phase to support building operation. Specifically, the predictive feature of the simulation-assisted building systems control strategy provides distinct advantages in view how the design on building works. Strategies can be done in the pre-design phase by optimizing the energy efficiency by using the building performance simulation with several criteria such as construction materials, indoor materials, sizes of openings, air conditioning system, water management system, number of equipme",sim,sim,nao,nao
REG_08173,relevante,relevante,Sustainability-focused maintenance strategy for the public rental housing estates in Hong Kong,"The Hong Kong Housing Authority (HKHA) manages and maintains over 1,100 high rise reinforced concrete buildings. HKHA builds around 15,000 flats in some 20 buildings annually. In 2005, the HKHA embarked on a new maintenance strategy with a view to better sustaining this growing building stock. It embraces structured programmes covering the regular inspection of the tenant-occupied flats, in-depth condition assessment of the older buildings, and the general improvement of the estate to give the tenants a revitalized environment. This paper outlines the key considerations and philosophy behind t",sim,sim,nao,nao
REG_01092,relevante,relevante,A strategic value management approach for energy and maintenance management in a building,"Fragmentation process is always been highlighted by the stakeholders in the construction industry as one of the 'critical' issue that diminishing the opportunity for stakeholders that involved during the operation and maintenance stage to influence design decisions. Failure of design professionals to consider how a maintenance contractor or facility manager will construct the design thus results in higher operating cost, wastage, defects during the maintenance and operation process. Moving towards team integration is considered a significant strategy for overcoming the issue. Value Management ",sim,sim,nao,nao
REG_08226,relevante,relevante,The Role of Technology to Sustainability in Building Maintenance for Infrastructure,"Based on the law No. 28 of 2002, The building is the outcome of construction activities that are either partially or entirely integrated into its location, whether on land or in water. In accordance with the definition of a building, the building must be able to be used for its intended function. In addition, all buildings have a service life. To achieve the planned service life, buildings must be maintained. Building Information Modeling (BIM) is a building modeling process that was primarily based on 3D models and has been developed to 8D that provides information and tools that help the pla",sim,sim,nao,nao
REG_02435,relevante,relevante,Remaining Useful Life Prediction of Gear Pump Based on Deep Sparse Autoencoders and Multilayer Bidirectional Long–Short–Term Memory Network,"Prediction of remaining useful life is crucial for mechanical equipment operation and maintenance. It ensures safe equipment operation, reduces maintenance costs and economic losses, and promotes development. Most of the remaining useful life prediction studies focus on bearings, gearboxes, and engines; however, research on hydraulic pumps remains limited. This study focuses on gear pumps that are commonly used in the hydraulic field and develops a practical method of predicting remaining useful life. The deep sparse autoencoder is used to extract multi–dimensional features. Subsequently, the ",sim,sim,nao,nao
REG_03335,relevante,relevante,IFCInfra4OM: An ontology to integrate operation and maintenance information in highway information modelling,"Building information modelling (BIM) is increasingly appropriate for infrastructure projects, and in particular for transport infrastructure. It is a digital solution that integrates the practices of the construction industry in facility management during the whole life cycle. This integration is possible through a single tool, which is the 3D digital model. Nevertheless, BIM standards, such as industry foundation classes, are still in the pipeline for infrastructure management. These standards do not fully meet the requirements of operation and maintenance of transport infrastructure. This pa",sim,sim,nao,nao
REG_00420,relevante,relevante,Maintenance Management System Effective Tool to Progress and Reach Total Productive Maintenance & Six Sigma Business Development Strategies.,"This paper presents the review/monitoring history of all kind of service equipment organization on common platform with identical format for information entry. The equipment covers ranges of all sizes, cost, portability and its use for different applications like emission measurement, safety measurement, environmental conditioning, on road measurements, etc. Micro level information data consists of equipment information (Installation date, cost etc), daily usage, observation of condition of equipment, maintenance solution, down time etc. This also provides information on availability of equipm",sim,sim,nao,nao
REG_07861,relevante,relevante,Overview and Analysis of Public Sewerage System Maintenance: Case Study Republic of Croatia †,"The sewerage system is a vital part of the infrastructure in every settlement, and thus, of the state itself. It ensures the conveyance of sanitary wastewater from its sources (households, buildings and industrial facilities) and stormwater from urban surfaces through sewerage pipelines to wastewater treatment plants and ultimately to receiving bodies. In the Republic of Croatia, combined sewerage systems are predominant. This paper presents selected data on the characteristics of public sewerage systems in Croatia for the analyzed period. Additionally, a questionnaire was conducted to assess ",sim,sim,nao,nao
REG_04531,relevante,relevante,A data-driven iterative digital twin framework for dynamic building energy performance: Integrating virtual sensing and anomaly diagnosis,"This study focuses on medium‑sized office buildings (8000–12000 m2) that are already in operation and equipped with partial sensor data. With the advancement of decarbonization goals in the building sector worldwide, there is an urgent need for Energy Performance Certification (EPC) tools to transform from “static compliance documents” to “dynamic decision-support platforms.” Traditional EPC systems suffer from three core limitations: incomplete whole-building performance evaluation due to data sparsity, inaccurate energy efficiency anomaly diagnosis caused by causal ambiguity, and lack of dyn",sim,sim,nao,nao
REG_06680,relevante,relevante,Corrosion modelling of welded joints of wind power facilities,"Corrosion problems in offshore wind power plants are a significant contributor to operation and maintenance (O&M) costs, typically around 15-30 percent of the total life cycle costs. Corrosion can degrade the structural material, contribute to fatigue cracking, brittle failure, and unstable failure, and the integrity of the entire structure can be significantly compromised. In the literature, there are many numerical simulations of the growth of pits and cracks in seawater under the influence of mechanical loads. Computer modeling allows quick assessment of the corrosion processes development;",sim,sim,nao,nao
REG_04559,relevante,relevante,IoT–DRL smart building control architecture,"This paper examines the integration of deep reinforcement learning (DRL) and the Internet of Things (IoT) for optimizing energy management in smart buildings, with a focus on sustainable urban development. It explores how DRL, combined with real-time IoT sensor data, enhances energy performance by adapting to dynamic Heating, Ventilation, and Air Conditioning (HVAC), lighting, and renewable energy conditions. Key techniques, including genetic algorithms (GA), particle swarm optimization, and hybrid approaches, are critically analyzed for balancing energy consumption and renewable energy utiliz",sim,sim,nao,nao
REG_06409,irrelevante,irrelevante,Research on establishment and application of delivery model of construction engineering based on digital twin,"Building lifecycle data contains valuable information about the processes of project initiation, design, construction, operation, and maintenance, which are important data assets. At present, there is no unified digital delivery standard in the construction industry, and there are issues of insufficient integrity and low utilization of construction delivery data. In order to better deliver and utilize building information, the difficult issues in current digital delivery were comprehensively analyzed, the data characteristics and delivery objects generated in each stage of construction project",nao,nao,nao,nao
REG_04054,irrelevante,irrelevante,"Materiality matters: Revealing how inequities are conceived and sustained in the networked water infrastructure - The case of Lilongwe, Malawi","Urban scholars striving for equitable distribution of resources have increasingly started paying attention towards a networked infrastructure, as it materialises inequity and shapes the socio-spatial pattern of a city. The paper advances the socio-technical understanding of networked water infrastructure by proposing a framework of unpacking that analytically disaggregates the network to various elements (pipes, pumps, valves etc.) and facilitates an investigation of multiple materialities of the network at a spatial and a temporal scale. The unpacking explains how differentiated water supply ",nao,nao,nao,nao
REG_00957,irrelevante,irrelevante,Elaboration of ariane 6 operational concept with a concurrent engineering approach,"In December 2014, the ESA Council at Ministers level has decided the launch of the Ariane 6 / VEGA-C program development. The overarching aim of Ariane 6 is to provide guaranteed access to space for Europe at a competitive price without requiring public sector support for exploitation. ESA has the role of Procuring entity and Launch System Architect (LSA). As Launch System Architect, ESA ensures the coherence on the Launcher System and the Launch base in the elaboration of the operational concept. The ambitious High Level Requirements of Ariane 6 Project lead to design the Launch System for ef",nao,nao,nao,nao
REG_03399,irrelevante,irrelevante,Proposed bridge management system and quality control plan in Chile,"Within the national road network, there are approximately 8,800 structures, of which 7,206 are bridges. The most typical pathologies of these bridges are corrosion, scour, seismic damages, among others. Traditionally, bridge maintenance policy in Chile has had a reactive focus rather than a preventive one. Planning of maintenance and preservation activities are mostly aimed at repairing existing defects than at preventing them from occurring. To date, there have been some initiatives within the Ministry of Public Works (MOP) that have sought to establish a Bridge Maintenance Management System.",nao,nao,nao,nao
REG_04418,irrelevante,irrelevante,Improvement of the planning process of flood protection assets by using experiences with operation and maintenance—Hamburg case study,"The effort for maintenance of the flood protection infrastructure is often underestimated when planning and designing new assets. In Germany the consideration of the maintenance strategies, procedures and results is scattered. A systematic analysis of current maintenance practice in different federal states for various types of structures is required to comprehensively understand the process and assess the possible benefits for their design and planning in the future. This paper introduces a methodology for a systematic analysis of maintenance strategies based on a set of criteria grouped arou",nao,nao,nao,nao
REG_04005,irrelevante,irrelevante,Identifying the Impact Factors of BIM Cross-Organizational Collaborative Innovation,"Building information modeling (BIM) has been applied in recent years in the design, construction, operation, and maintenance phases of construction projects. As the technology absorption, technology adoption, and technology diffusion of BIM technology innovation activities require the cooperation of relevant participating units, this paper regards the promotion, and application of BIM technology as a multi-stage (technology adoption, technology absorption, and technology diffusion) and cross-organizational collaborative innovation system to identify the influencing factors of BIM cross-organiz",nao,nao,nao,nao
REG_00610,irrelevante,irrelevante,Reliability Estimation Approach for PMS,"Many complex systems are designed to perform missions that consist of several phases in which the deterioration and configuration of systems may change from phase to phase. These systems are called phased-mission systems (PMSs) [1]. PMSs are formally defined to be the systems subject to multiple, consecutive, non over lapping phases of operation required to finish the final product or service [2]. A typical PMS is the on-board systems for the aided guide of aircraft, whose mission consists of takeoff, ascent, cruise, approach, and landing phases. For mission success, all phases must be complet",nao,nao,nao,nao
REG_09434,irrelevante,irrelevante,Examining the relationship between the unique work experiences and cultural orientations of police officers,"The current study builds upon limited prior research that has assessed the relationship between elements of police culture and a host of unique officer work experiences (e.g. tenure, assigned shift and area, the number of shifts and areas worked, supervisory experience, specialized unit assignment). The sample consists of survey data from over 700 officers from a large police department in the western United States. The results demonstrated that while officers' assigned shift and area had little effect, a number of other experiences were influential. Officers who had worked a greater number of",nao,nao,nao,nao
REG_02882,irrelevante,irrelevante,Reference Architecture for Running Computationally Intensive Physics-Based Digital Twins of Heavy Equipment in a Heterogeneous Execution Environment,"Physics-based digital twins for heavy equipment provide a powerful tool for improving operation and maintenance activities. In contrast to data-driven models, they present more explainable and confident results but require more computational power. Besides the problem of physics-based digital twins creation, there is a task of managing their lifecycle, including their execution, maintenance, storage, and updating. The features distinguishing this kind of digital twins are the mobility of the real counterpart, operation in remote locations, long lifecycle, information sensitivity, and gaps in i",nao,nao,nao,nao
REG_08274,irrelevante,irrelevante,Comprehensive Operation Risk Assessment of a Highway Maintenance Area Based on Reliability,"To study the influence of various working conditions on traffic safety in the maintenance area of a mountain expressway, 675 groups of PTV VISSIM traffic simulation experiments were designed with various traffic organization modes, traffic volumes, traffic compositions, activity area lengths, and speed limit values. The results show that the activity area length of a closed lane, a compressed lane, and a borrowed opposite lane had no marked influence on the traffic conflicts. There was a significant positive correlation between the proportion of trucks and the number of traffic conflicts, and ",nao,nao,nao,nao
REG_01623,irrelevante,irrelevante,Performance evaluation and outlook of utility-scale linear fresnel technology,"As one of the viable concentrating solar power (CSP) technologies, linear Fresnel collectors differ from parabolic troughs by virtue of their low-profile mirror arrays and fixed receiver assemblies. This technology is capable of achieving high concentration ratios and so is applicable to hightemperature solar power plant designs. In addition, its low wind profile and linear nature lead to low system and operation and maintenance (O&M) costs. In this report two linear Fresnel solar plant configurations, namely a direct steam generation (DSG) system and a direct high-temperature molten-salt plan",nao,nao,nao,nao
REG_05751,irrelevante,irrelevante,"A Proposition to Leverage Productization, Modularity, and Sharing in Design to Improve the Lifecycle Performance of Rural Healthcare Delivery System","The traditional Public Healthcare Centers (PHCs) in most developing countries, including India, suffer from inadequate infrastructure, operations, and maintenance. Consequently, rural healthcare delivery suffers, which remains a major concern. To address the shortage of quality healthcare facilities, several countries have resorted to using Mobile Health Units (MHUs) to deliver healthcare services to other remote and rural areas. However, the standard MHUs suffer from their limitations due to inherent inefficiencies resulting from frequent relocations, high operational costs, and makeshift arr",nao,nao,nao,nao
REG_05278,irrelevante,irrelevante,Evaluating the Levelized Cost of Energy (LCOE) of irrigation systems based on solar PV and diesel generator for a green bean crop in Cameroon,"This article offers a fresh perspective on the existing literature in the areas such agriculture, renewable energy, applied technology, economics, and environment (climate change). The objective of this study is to comparatively evaluate the Levelized Cost of Energy (LCOE) of a solar photovoltaic (PV) pumping system and a diesel generator (DG), applied to green bean irrigation in Foumbot (Cameroon), through an ‘energy-agriculture’ nexus approach. Conducted in a context of energy crisis and increasing agricultural challenges, the study is based on real field data, unlike most simulation-based s",nao,nao,nao,nao
REG_08588,irrelevante,irrelevante,Maintenance and Rehabilitation Prioritization of School Buildings Using Knapsack Problem,"&lt;p class=""Abstract""&gt;Many of the public buildings are in conditions of distress due to deterioration and damage and require maintenance and rehabilitation to be able to function appropriately. On the contrary the government funding and budget allocated is limited. A systematic approach to overcome the problem is using setting up priority and optimize the resources allocation. Within a budget ceiling the what buildings components should be prioritized to achieve maximum profit and or surpass threshold is the ultimate goal of the decision maker and stakeholders. In this study, optimizing bu",nao,nao,sim,sim
REG_05322,irrelevante,irrelevante,Disparate power transmission performance reinforces Italian social inequities,"High-voltage electric power transmission systems facilitate the delivery of large shares of electricity to customers and, as such, are key to enabling equitable power service. Here, we investigate the historical performance of the Italian high-voltage power transmission grid delivering power to utility consumers. Using open socio-economic and power system data, we find that socially vulnerable regions experience higher frequency and energy loss than less vulnerable regions. We find that performance disparities stem from infrastructure and terrain characteristics. Components operating at 132 kV",nao,nao,nao,nao
REG_02805,irrelevante,irrelevante,The Research of Low-Code Process Technology Applying on IT Operation and Maintenance System,"In order to improve the development efficiency of workflow and reduce the operation cost in IT operation and maintenance system, the Domain Process Suite (DPS) suitable for this system was explored and researched by combining workflow technology and low-code technology, and it also be applied. Comparing the actual results, this application of low-code process technology in IT operation and maintenance system can greatly improve the development efficiency of system flow. © 2022 IEEE.",nao,nao,nao,nao
REG_02107,irrelevante,irrelevante,Maximum net power output of the recuperative open and direct solar thermal brayton cycle,"The small-scale open and direct solar thermal Brayton cycle with recuperator has several advantages. These include low operation and maintenance costs and high recommendation. The main disadvantages of this cycle are the pressure losses in the recuperator and receiver, turbo-machine efficiencies and recuperator effectiveness, which limit the net power output of such a system. Thermodynamic optimization can be applied to address these disadvantages in order optimize the receiver and recuperator and to maximize the net power output of the system at any steady-state condition. The dynamic traject",nao,nao,nao,nao
REG_06920,irrelevante,irrelevante,The final design of the ITER Interlock Discharge Loop Interface Boxes (DLIB) and its compliance with the IEC 61508 standard,"The Central Interlock System (CIS) is in charge of implementing the ITER Central Investment Protection Functions. A dedicated architecture based on hardwired loops will be responsible for the protection of the superconductive magnet system. These loops act in a transversal way connecting all systems directly involved in the protection of the magnets at the plant level. The base of the coordination between the hardwired loop and the different users is a common interface called DLIB (Discharge Loop Interface Box). The IEC 61508 standard, which defines the ‘Functional Safety’ provisions for I&C s",nao,nao,nao,nao
REG_09371,irrelevante,irrelevante,QoE and QoS Evaluation for Academic Portal in Private Higher Education Institution,"ISO 9126 standard provides very important key indicators as a basis for improving the quality of academic portals. The demands of users' needs for providing good quality academic portal services for students, and the time problems available in system maintenance motivate us to evaluate the main indicators of web performance that affect the performance of academic portals. This study aims to evaluate the performance of academic portals to determine the factors that influence service quality using the ISO 9126 quality model from the characteristics of reliability, efficiency, and usability acade",nao,nao,nao,sim
REG_01986,irrelevante,irrelevante,"Bridge network performance, maintenance and optimisation under uncertainty: Accomplishments and challenges","This article presents a critical review of the state-of-the-art in the field of bridge network performance analysis, reliability assessment, maintenance management and optimisation. Previous accomplishments and results are summarised while stressing the aspects of the analysis of a transportation network, which are more challenging for a structural engineer. For instance, the bridge network is described as a spatially distributed system at a scale that is much larger than any individual structure. This requires a different perspective in the modelling of natural extreme events and involves mod",nao,nao,nao,nao
REG_08115,irrelevante,irrelevante,Risk-based prioritization of maintenance tasks,"This paper presents the research work on how preventive maintenance of a large facility portfolio consisting of various systems and components in numerous facilities can be prioritized based on the mission risks. The research work includes identifying mission critical assets, assessing asset health conditions, building facility hierarchies, aggregating asset risks, and prioritizing PMs. The presented research work is a key part of a decision support system for facility maintenance and mission program planning. It can be used not only to prioritize work based on risk, but also to determine reso",nao,nao,sim,nao
REG_05808,irrelevante,irrelevante,Data-driven Remaining Useful Life Prediction for Optical Modules in Intelligent Computing Networks,"The stability of optical modules significantly impacts overall system performance in intelligent computing networks. Failures in optical modules can lead to a series of issues, diminishing the operational efficiency of intelligent computing centers. Therefore, accurately predicting the remaining useful life of optical modules is crucial for maintaining network stability and minimizing maintenance costs. Currently, traditional physics-based prediction methods rely heavily on precise parameters and are therefore unsuitable for complex intelligent computing network environments. In contrast, exis",nao,nao,nao,nao
REG_08397,irrelevante,irrelevante,Italy Is Fragile: Soil Consumption and Climate Change Combined Effects on Territorial Heritage Maintenance,"The article looks for relations between growth of expanding cities, number of catastrophes and reduction of inhabitants in inland regions. The study explores these aspects through cartographic readings aimed at highlighting the relationship between soil consumption, the abandonment of peripheral areas, and environmental risks due to floods, landslides and earthquakes. The research analyzes the whole of Italy as a case study between 1990 and 2019 to get an accurate interpretation of the relations between these phenomena. The conclusions alert us to the need to redirect Italy’s development and i",nao,nao,nao,nao
REG_05729,irrelevante,irrelevante,Smart Operation and Maintenance Technology for Integrated Energy Systems Based on Digital Twins,"Due to fragmented and delayed operational information in integrated energy systems, maintenance efficiency remains low. This paper proposes a digital twin-based intelligent operation and maintenance technology for integrated energy systems. Sensors are scientifically selected and adapted for different energy subsystems and critical equipment. High-speed, stable data acquisition devices convert and transmit data. Multisource data fusion technology integrates and analyzes heterogeneous data from multiple sources to build a comprehensive and efficient state-sensing network. Based on system data f",nao,nao,nao,nao
REG_09421,irrelevante,irrelevante,Intelligent Cyber-Physical Collaborative Robots Enhanced by AI and VR Technologies for Advanced Smart Learning Factories,"This study investigates the integration of virtual reality (VR) and artificial intelligence (AI) to enhance student training in the use of collaborative robots (cobots). A framework is presented for an immersive VR training system that replicates real-world industrial environments, allowing students to interact with cobots in a controlled and risk-free setting. AI is utilized to model robotic systems, simulate dynamic operational scenarios, and predict potential failures, offering students valuable insights into system performance and maintenance requirements. Several AI-based evaluation metho",nao,nao,sim,nao
REG_08613,irrelevante,irrelevante,Assessment of Disused Public Buildings: Strategies and Tools for Reuse of Healthcare Structures,"The aim of this paper, in line with the 2030 European Agenda and 2021 Italian “Recovery and Resilience Plan” objectives, is to define an evaluation methodology and tool to support public administrations to detect buildings, currently unused or underused, that might be apt for transformation interventions. The focus is on historical Italian healthcare buildings since these show widespread decay and neglect. A five-step methodology has been developed: screening of public assets; classification, evaluation, and identification of buildings, based on the “potential index”; GIS mapping and inventory",nao,nao,nao,sim
REG_06986,irrelevante,irrelevante,A review of digital twin technology for electromechanical products: Evolution focus throughout key lifecycle phases,"The digitalization of electromechanical products creates numerous virtual resources throughout the lifecycle, which require efficient organization and utilization. Digital twin (DT), one of the most promising emerging technologies in Industry 4.0, presents a real-time mapping and deep integration mode for virtual–physical interaction. The derived high-fidelity digital replica demonstrates powerful capabilities of reproducing scenes, interpreting mechanisms, predicting execution, and guiding decisions in electromechanical product design, manufacturing, operation, and maintenance. However, burge",nao,nao,nao,nao
REG_04537,irrelevante,irrelevante,"Techno-economic optimization of a heat-pipe microreactor, Part I: Theory and cost optimization","Microreactors (μR)s, particularly heat-pipe microreactors (HPMRs), are compact, transportable, self-regulated power systems well-suited for access-challenged remote areas where costly fossil fuels dominate. However, they suffer from diseconomies of scale, and their financial viability remains unconvincing. One step in addressing this shortcoming is to design these reactors with comprehensive economic and physics analyses informing early-stage design iteration. In this work, we present a novel unifying geometric design optimization approach that accounts for techno-economic considerations. We s",nao,nao,nao,nao
REG_07764,irrelevante,irrelevante,How can century-old architectural hierarchies for the design of public libraries be re-interpreted and re-used?,"Purpose: The purpose of this paper is to describe a novel approach to inform heritage conservation based on the effective integration of documentation-based research with advanced survey methods for the creation of a sharable historic building information modelling (HBIM) objects database, specifically oriented to the study of Carnegie libraries whose designs in the USA and the UK were somewhat systematised by early principles of standardisation. The aim is to generate an exemplar developing new methodologies for the salvage, re-use and re-invigoration of shared inherited public buildings whic",nao,nao,nao,sim
REG_05810,irrelevante,irrelevante,Research on the application of AI in power grid fault diagnosis under the digital technology system of new power system,"With the development of artificial intelligence (AI) and digital technology, power grid fault diagnosis methods have been significantly improved in new power systems. This article conducts in-depth research on the application of AI in power grid fault diagnosis, and adopts a comprehensive approach of multiple intelligent diagnostic technologies to improve the intelligence level of analysis and diagnosis. The new digital technology system of the power system provides a continuous 'digital body', and AI injects an 'intelligent soul' that can learn, analyze, and make decisions. The deep integrati",nao,nao,sim,nao
REG_09255,duvida,duvida,Revolutionising Educational Management with AI and Wireless Networks: A Framework for Smart Resource Allocation and Decision-Making,"Educational institutions face growing challenges. Rising enrolment, limited budgets, and sustainability goals demand more efficient resource management and administrative decision-making. To address challenges like these, this work proposes a conceptual framework for smart campus management which integrates Artificial Intelligence (AI) and advanced wireless networks based on 5G. The framework's design outlines layers for campus data collection (via sensors and connected devices), high-speed communication, and AI-driven analytics for decision support. By leveraging data-driven insights enabled ",nao,sim,sim,sim
REG_02220,duvida,duvida,Guidelines for decision-makers with regard to high-speed rail track and infrastructure,"Previous work (Chester, Madanat, & Horvath, 2010) has compared high-speed rail (HSR) to other modes of transportation and come to the conclusion that HSR is a serious leader in regard to leaving a minimal environmental footprint. HSR in various forms has been developed for several decades in countries such as France, Japan, Germany and increasingly in China, and it is now about to be implemented in California. HSR systems are complex infrastructures capable of creating jobs and boosting economic vitality. We performed a preliminary study to describe the multiple elements of construction, opera",nao,sim,nao,nao
REG_09317,duvida,duvida,Brokering Community-campus Partnerships: An Analytical Framework,"Academic institutions and community-based organisations have increasingly recognised the value of working together to meet their different objectives and address common societal needs. In an effort to support the development and maintenance of these partnerships, a diversity of brokering initiatives has emerged. We broadly describe these initiatives as coordinating mechanisms that act as intermediaries with the aim of developing collaborative and sustainable partnerships that provide mutual benefit. A broker can be an individual or an organisation that helps connect and support relationships a",nao,sim,nao,sim
REG_05536,duvida,duvida,Evaluation of failings in urban water supply and sanitation systems in Sub-Saharan Africa: a systematic review to inform future planning,"The high failure rate of water supply and sanitation (WSS) systems is a major concern, especially for developing countries. Using the Collaboration for Environmental Evidence guidelines, this study carried out a systematic review of literature on failings in WSS in the urban areas of Sub-Saharan Africa to identify the factors hindering sustainability as lasting coverage. There were 101 full-text articles examined and 21 articles included in the final review. The findings are discussed through the lens of the financial, institutional, environmental, technological and social (FIETS) framework an",nao,sim,nao,nao
REG_03958,duvida,duvida,An Artificial Intelligence Technology for Predictive Operation and Maintenance of Crude Oil Gathering Systems,"Localized internal corrosion, paraffin/wax deposition, microbiologically induced corrosion or MIC, and solids accumulation are some of the primary issues throughout a pipeline's lifecycle, especially, at low flow conditions. Although significant progress has been made in the development of methodologies and standards for detecting internal corrosion in different types of pipelines, little work has been done on providing cost-effective methods and technologies for the implementation of preventive corrosion strategies. Pigging and chemical inhibition continue to be the first choice of oil and ga",sim,nao,nao,nao
REG_03653,duvida,duvida,Identification and analysis of impact factors on the economic feasibility of photovoltaic energy investments,"The introduction of environmental impact targets around the world has highlighted the need to adopt alternative sources of energy, which can supply the demand and mitigate the damage caused to the environment. Solar energy is one of the main sources of alternative energy, and is considered an abundant source of clean energy. However, to facilitate and encourage investors interested in the installation of photovoltaic energy systems for electricity production, it is essential to evaluate the factors that impact the economic viability of the projects. Therefore, the objective of this research is",nao,sim,nao,nao
REG_09336,duvida,duvida,Knowledge and Expectations Regarding Sustainable Food Systems among Students from Georgian Agricultural Universities and Georgian Food Industry Representatives,"This study establishes the role of sustainability in higher education (HE) and the food industry in Georgia by examining Sustainable Food Systems (SFS) background knowledge among students and food industry representatives, their behaviours as consumers, and their level of food citizenship. This study also investigates the most interesting SFS topics in relation to future training, students' expectations in developing competencies, and the SFS elements they deem most important. This cross-sectional study was performed through an online survey comprising a higher education questionnaire administ",nao,sim,nao,sim
REG_04459,duvida,duvida,Global water access fund: A new idea to bridge operations and maintenance shortfalls for the poorest water utilities,"Reaching the sustainable development goal for water and sanitation access will require significant investments. For some utilities, the private sector or blended public–private investments offer opportunities to expand and improve services, but this is not an option for many utilities serving the poorest households. These utilities are often unable to cover their current operations and maintenance costs and have limited capacity to increase tariffs in order to do so. Yet supporting these utilities is crucial to expanding access to safe drinking water for the majority of citizens. We argue that",nao,sim,nao,nao
REG_04286,duvida,duvida,Refining 'Electrical Safety: From Paper to Practice',"The activities of an electrical worker are often construed as overly complex or challenging and are often misunderstood by most non-electrical workers. Non-electrical workers may not understand what they do not know and risk greater exposure to electrical events because of it. Recognition of this was the first step in what amounted to a three-year, multi-tiered journey by the authors and their former colleagues to utilize the NFPA 70E standard to create and implement an effective and sustainable electrical safety program (ESP) at a large petrochemical company. We began by identifying our probl",nao,sim,nao,nao
REG_03695,duvida,duvida,Blockchain governance as coordination mechanism,"In essence, it is possible with blockchain technology to balance the interests and conflicts of interest between stakeholders of a value chain in terms of access to systems & data, contribution to innovation and influence on renewals & maintenance. All stakeholders or network participants, that share a public blockchain infrastructure, can autonomously and independently take responsibility for the operation and development of parts of the infrastructure that are important to them. This allows groups to work together towards a more inclusive and therefore more goal-oriented operation of the pro",nao,sim,nao,nao
REG_07104,duvida,duvida,What Geotechnical Engineers Want to Know about Reliability,"The purpose of this paper is to address the ""what,""""why,""and ""how""questions posed by engineers who are not familiar with geotechnical reliability and have not kept abreast of recent rapid developments in this field. Geotechnical reliability can be broadly defined as a methodology that enhances decision making at different life-cycle stages covering design, construction, operation and maintenance, retrofit, and decommission/reuse by exploiting the richer characterization of data using probabilistic models. Besides engineered systems, it also covers the risk assessment and management of geohazar",nao,sim,sim,nao
REG_01871,duvida,duvida,"Life-cycle costs approach (LCCA) for sustainable water service delivery: A study in rural Andhra Pradesh, India","This paper illustrates the usefulness of the life-cycle costs approach (LCCA) framework and methodology in addressing slippage and sustainability issues in the Water, Sanitation and Hygiene (WASH) sector in the State of Andhra Pradesh (AP), India. Source sustainability, poor operation and maintenance and water quality are the main reasons for slippage in India. The paper examines the actual cost of provision in 43 villages spread over two agro-climatic zones by cost components that cause slippage and identifies the gaps in (public) investments and how these gaps are responsible for poor, inequ",nao,sim,nao,nao
REG_06813,duvida,duvida,"RETScreen Techno-Economic Feasibility of Indonesia's Cirata 145 MW Floating Solar Photovoltaic Project: Incentives, Risk Management, and Strategic Implementation","Solar energy is essential for attaining sustainable power generation, as it is driven by worldwide efforts to solve environmental issues and decrease dependence on fossil fuels. Indonesia's dedication to achieving carbon neutrality by 2060 highlights its endorsement of the deployment of solar energy, specifically through inventive methods such as floating photovoltaic (PV) systems. This study investigates the Techno-Economic Feasibility of Indonesia's Cirata 145 MW floating solar PV project utilizing RETScreen technology. The study specifically focuses on the incentives for operating and maint",nao,sim,sim,nao
REG_03361,duvida,duvida,Optimization of ICT Street Infrastructure in Smart Cities,Technology solutions are now helping the urban local bodies in Indian Smart Cities to make smart and effective decisions. With these technologies coming up there IoT devices can be seen making its place on urban streets. This paper focuses on the overall view of the ICT (Information and Communication Technology) components and its placement in the city at various locations on the streets. The research for ICT street infrastructure when deployed for upcoming smart cities would help in optimization of ICT street infrastructure and bring down the total life cycle cost in terms of the cost of owne,nao,sim,nao,nao
REG_09486,duvida,duvida,LIVING WALLS ENHANCING QUALITY OF EDUCATIONAL ENVIRONMENTS,"Living walls provide an effective solution in landscaping in educational environments where space is scarce and therefore, valuable. Landscaping in educational environments is crucial for learning minds, positively affecting concentration, memory, and academic performance, as well as, well-being and quality of life. In this study, the aim was to build a living wall on the Izmir University of Economics (IUE) campus in Izmir, Turkey that had limited horizontal space for landscaping. The living wall structure was fixed on six 16 meter high columns of the Faculty of Fine Arts and Design building -",nao,sim,nao,sim
REG_01361,duvida,duvida,Economic and environmental analysis of decentralized heating using biomass gasification gas and household biogas in rural areas,"With the rapid development of the economy and the significant improvement in people's living conditions, clean and convenient heating has gained attention due to being required by farmers in the northern rural areas of China. The centralized heating usually requires a long-distance transporting pipe network, thus it is not applicable to most rural villages. The decentralized heating is applicable by using biomass gasification gas coupled with a household gas-burning furnace and by digestion biogas coupled with a household gas-burning furnace. These two methods of heating are much cleaner and m",nao,sim,nao,nao
REG_09160,duvida,duvida,Pipeline rehabilitation systems for service life extension,"With the continued aging of existing pipelines and underground infrastructure, the requirement for renewal and service life extension of these assets is also increasing. The needs for improving quality of life, reduction of inconvenience to society, and less impact on the environment make trenchless renewal methods a sustainable choice for pipeline owners and public agencies. Since the 1980s, a number of methods have become available to renew in-situ existing and deteriorated underground pipelines. These methods belong to the family of 'trenchless technology' methods. Trenchless technology alt",nao,sim,nao,nao
REG_00669,duvida,duvida,Evaluation of the application of a thermal insulation system: In-situ comparison of seasonal and daily climatic fluctuations,"The current outdated state of many institutional and administrative buildings in the EU region poses a significant burden from the energy sustainability point of view. According to the contemporary EU requirements on the energy efficiency of buildings maintenance, an evaluation of performed improvements is essential for the assessment of expended investments. This paper describes the effect of building envelope reconstruction works consisting in the installation of a thermal insulation system. Here, a long-term continuous monitoring is used for the extensive assessment of the seasonal and dail",nao,sim,nao,nao
REG_09104,duvida,duvida,Natural Resources Management: Life Cycle Assessment and Forest Certification and Sustainability Issues,"Forest sustainability and forest certification are important natural resource management and environmental issues. Forest certification addresses the social and environmental issues in the acquisition of raw materials (e.g., lumber to be used in the building process). Life cycle assessment is a common technique used in the evaluation of forest sustainability issues and forest certification programs. Life cycle assessment is a tool to evaluate multiple issue environmental and some social impacts attributed to a product or process (e.g., wood as a building material). Inputs (like raw material ex",nao,sim,nao,nao
REG_09209,duvida,duvida,Concerns among local government facility managers: a Norwegian survey,"Purpose - This paper aims to investigate which concerns are most important for local government facility managers in Norway. Design/methodology/approach - The authors analyze a survey dataset covering about two-thirds of all Norwegian local governments and 80 per cent of the Norwegian population. The authors consider both descriptive statistics and results from an ordered probit regression analysis. Findings - Facility managers are most concerned about weak fiscal conditions and lack of political priority of facility management, and local governments reporting public buildings in good conditio",sim,nao,sim,sim
REG_08946,sem_resumo,sem_resumo,Life-cycle Engineering Asset Management,,nao,sim,nao,nao
REG_08466,sem_resumo,sem_resumo,8.5 Facility Management im Immobilienlebenszyklus,,sim,nao,nao,nao
REG_08810,sem_resumo,sem_resumo,Wendell W. Wright Education Building,,nao,nao,nao,nao
REG_08878,sem_resumo,sem_resumo,Frontmatter,,nao,nao,nao,nao
REG_08621,sem_resumo,sem_resumo,Buildings Sustainability Certifications and the Common European Framework Level(s),,nao,sim,nao,nao
REG_02389,sem_resumo,sem_resumo,A platform for the optimisation of Building Operation,,sim,nao,nao,nao
REG_08728,sem_resumo,sem_resumo,A BWM-Based Multi-Criteria Prioritization of IFRS S1 Sustainability Disclosure Elements: Evidence from Expert-Driven Evaluation for Sustainable Finance Decision-Making,,nao,sim,sim,nao
REG_07413,sem_resumo,sem_resumo,Emerging Technologies for Decarbonization in Building Sector: Evidence From Patent Inventions,,nao,nao,nao,nao
REG_08908,sem_resumo,sem_resumo,Closing Graduates’ Sustainability Skills Gaps by Using the University as a Live Sustainability Case Study,,nao,sim,nao,nao
REG_07480,sem_resumo,sem_resumo,Enhancing Safety and Security in Renewable Energy Systems within Smart Cities,,nao,nao,nao,nao
REG_08827,sem_resumo,sem_resumo,An efficient implementation of the Gale and Shapley “propose-and-reject” algorithm,,nao,nao,nao,nao
REG_08804,sem_resumo,sem_resumo,Index,,nao,nao,nao,nao
REG_08752,sem_resumo,sem_resumo,Green Campus and Environmental Preservation on a Brazilian University,,nao,nao,nao,sim
REG_08460,sem_resumo,sem_resumo,THE INFLUENCE OF SUSTAINABILITY AND GREEN MANAGEMENT CONCEPTS ON EDUCATIONAL FACILITY PERFORMANCE IN NIGERIA,,nao,sim,nao,nao
REG_08843,sem_resumo,sem_resumo,Electronic Resources,,nao,nao,nao,nao
REG_08581,sem_resumo,sem_resumo,Prioritization of Sustainability Dimensions and Indicators for Office Buildings,,nao,sim,sim,nao
REG_08740,sem_resumo,sem_resumo,Building Maintenance Management in a Malaysian University Campus: A Case Study,,sim,nao,nao,sim
REG_08708,sem_resumo,sem_resumo,Maintenance Management of Municipal Buildings in the South African Education Sector,,sim,nao,nao,nao
REG_09031,sem_resumo,sem_resumo,Integrated life-cycle power asset management for telecom operators (June 2010),,nao,sim,nao,nao
REG_08706,sem_resumo,sem_resumo,Building Envelopes: A Passive Way to Achieve Energy Sustainability through Energy-Efficient Buildings,,nao,sim,nao,nao
