id_sensibilidade,database,string_id,titulo,doi,ano,n_registros_agrupados_sensibilidade,ids_sensibilidade_agrupados,classe,match_corpus_id,motivo_match
SENS_SCOPUS_00002,Scopus,scopus_nucleo_a5_sensibilidade_ia_ml,Deep Hybrid Spatiotemporal Learning for Smart Facility Management and Energy-Aware Enterprise Operations,10.1109/ICESIC67389.2026.11496424,2026,1,SENS_SCOPUS_00002,JA_EXISTIA_NO_CORPUS,REG_04847,doi_exato
SENS_SCOPUS_00026,Scopus,scopus_nucleo_a5_sensibilidade_ia_ml,Research on the application of digital twin technology in the offshore wind energy sector,10.1063/5.0331688,2026,1,SENS_SCOPUS_00026,JA_EXISTIA_NO_CORPUS,REG_04658,doi_exato
SENS_SCOPUS_00039,Scopus,scopus_nucleo_a5_sensibilidade_ia_ml,A digital twin implementation strategy for predictive maintenance in facility management,10.1108/JFM-07-2025-0103,2026,2,SENS_SCOPUS_00039|SENS_WOS_art01_00776,JA_EXISTIA_NO_CORPUS,REG_04872,doi_exato
SENS_SCOPUS_00051,Scopus,scopus_nucleo_a5_sensibilidade_ia_ml,"Digital transformation in industrial maintenance: an overview of Industry 4.0 technologies, their advantages and challenges",10.1108/IJQRM-10-2025-0378,2026,2,SENS_SCOPUS_00051|SENS_WOS_art02_00305,JA_EXISTIA_NO_CORPUS,REG_07833,doi_exato
SENS_SCOPUS_00054,Scopus,scopus_nucleo_a5_sensibilidade_ia_ml,"Enabling Predictive Maintenance in Smart Buildings: A Review of AI Approaches, Digital Integration, and System Challenges",10.1109/ACCESS.2026.3686217,2026,2,SENS_SCOPUS_00054|SENS_WOS_art01_00013,JA_EXISTIA_NO_CORPUS,REG_07867,doi_exato
SENS_SCOPUS_00063,Scopus,scopus_nucleo_a5_sensibilidade_ia_ml,An Improved Geospatial Object Detection Framework for Complex Urban and Environmental Remote Sensing Scenes,10.3390/app16031288,2026,2,SENS_SCOPUS_00063|SENS_WOS_art01_00968,JA_EXISTIA_NO_CORPUS,REG_04775,doi_exato
SENS_SCOPUS_00072,Scopus,scopus_nucleo_a5_sensibilidade_ia_ml,"Digitalised Predictive Maintenance in Railways: A Systematic Review of AI, BIM, and Digital Twins",10.3390/infrastructures11030087,2026,2,SENS_SCOPUS_00072|SENS_WOS_art01_00565,JA_EXISTIA_NO_CORPUS,REG_07842,doi_exato
SENS_SCOPUS_00083,Scopus,scopus_nucleo_a5_sensibilidade_ia_ml,Multi-component prognostics and maintenance optimization in wind farms using federated learning and hybrid degradation models,10.1108/JQME-09-2025-0109,2026,2,SENS_SCOPUS_00083|SENS_WOS_art02_00052,JA_EXISTIA_NO_CORPUS,REG_07872,doi_exato
SENS_SCOPUS_00088,Scopus,scopus_nucleo_a5_sensibilidade_ia_ml,Data integration and machine learning applications for improved text classification and performance benchmarking in small buildings,10.1108/JFM-10-2024-0122,2026,2,SENS_SCOPUS_00088|SENS_WOS_art01_00532,JA_EXISTIA_NO_CORPUS,REG_04830,doi_exato
SENS_SCOPUS_00093,Scopus,scopus_nucleo_a5_sensibilidade_ia_ml,Multi-level predictive group maintenance optimization method for multi-component systems: Subsea Christmas tree as a case,10.1016/j.oceaneng.2026.126144,2026,1,SENS_SCOPUS_00093,JA_EXISTIA_NO_CORPUS,REG_07829,doi_exato
SENS_SCOPUS_00094,Scopus,scopus_nucleo_a5_sensibilidade_ia_ml,Supporting facility maintenance decision-making under imbalanced work orders using natural language processing and interpretable machine learning,10.1080/17452007.2026.2626991,2026,3,SENS_SCOPUS_00094|SENS_WOS_art01_00554|SENS_CROSSREF_01202,JA_EXISTIA_NO_CORPUS,REG_09257,doi_exato
SENS_SCOPUS_00098,Scopus,scopus_nucleo_a5_sensibilidade_ia_ml,A Review of AI-based Optimization and Monitoring Using Wearable Data in Smart Buildings,10.1109/SUSTECH67720.2026.11536515,2026,1,SENS_SCOPUS_00098,JA_EXISTIA_NO_CORPUS,REG_07599,doi_exato
SENS_SCOPUS_00099,Scopus,scopus_nucleo_a5_sensibilidade_ia_ml,Automating appliance verification in facilities management using a denoised Voltage-Current feature extraction and classification pipeline,10.1016/j.jii.2025.101040,2026,2,SENS_SCOPUS_00099|SENS_WOS_art01_00819,JA_EXISTIA_NO_CORPUS,REG_04721,doi_exato
SENS_SCOPUS_00105,Scopus,scopus_nucleo_a5_sensibilidade_ia_ml,Integrating Artificial Intelligence and Building Information Modeling for Train Transport Management,10.1007/978-3-032-10664-3_31,2026,1,SENS_SCOPUS_00105,JA_EXISTIA_NO_CORPUS,REG_07866,doi_exato
SENS_SCOPUS_00110,Scopus,scopus_nucleo_a5_sensibilidade_ia_ml,Application of Green and Low-Carbon Technologies in Bridge Engineering: A Review; [绿色低碳技术在桥梁工程中的应用综述],10.3969/j.issn.0258-2724.20260011,2026,1,SENS_SCOPUS_00110,JA_EXISTIA_NO_CORPUS,REG_04579,doi_exato
SENS_SCOPUS_00124,Scopus,scopus_nucleo_a5_sensibilidade_ia_ml,AI-Integrated Digital Twin Framework for Quality and Performance Management in Sustainable Buildings,10.1109/ICETSIS68266.2026.11549378,2026,1,SENS_SCOPUS_00124,JA_EXISTIA_NO_CORPUS,REG_04826,doi_exato
SENS_SCOPUS_00125,Scopus,scopus_nucleo_a5_sensibilidade_ia_ml,Transformative Tracks: MTR's IoT and Digital Twin Integration for Sustainable Mobility,10.1049/icp.2026.0498,2026,1,SENS_SCOPUS_00125,JA_EXISTIA_NO_CORPUS,REG_04678,doi_exato
SENS_SCOPUS_00128,Scopus,scopus_nucleo_a5_sensibilidade_ia_ml,"Renovation Decision Support System for Residential Buildings Based on the Analysis of Operational Documentation, BIM, and Machine Learning",10.3390/su18083840,2026,2,SENS_SCOPUS_00128|SENS_WOS_art01_00787,JA_EXISTIA_NO_CORPUS,REG_04675,doi_exato
SENS_SCOPUS_00131,Scopus,scopus_nucleo_a5_sensibilidade_ia_ml,Bridging Innovation and Sustainability: The Strategic Role of High-Efficiency Motors in Advancing Industry 5.0,10.3390/en19041003,2026,1,SENS_SCOPUS_00131,JA_EXISTIA_NO_CORPUS,REG_07844,doi_exato
SENS_SCOPUS_00140,Scopus,scopus_nucleo_a5_sensibilidade_ia_ml,A data-driven predictive maintenance framework for smart buildings: Integrating digital twin and machine learning in HVAC systems,10.1016/j.jobe.2026.115416,2026,3,SENS_SCOPUS_00140|SENS_WOS_art01_00548|SENS_CROSSREF_01800,JA_EXISTIA_NO_CORPUS,REG_04751,doi_exato
SENS_SCOPUS_00159,Scopus,scopus_nucleo_a5_sensibilidade_ia_ml,Running an electron microscopy core facility,10.1111/jmi.70088,2026,2,SENS_SCOPUS_00159|SENS_WOS_art02_00276,JA_EXISTIA_NO_CORPUS,REG_04580,doi_exato
SENS_SCOPUS_00161,Scopus,scopus_nucleo_a5_sensibilidade_ia_ml,Predictive Modeling of LED Luminaire Degradation Using Artificial Neural Networks and Environmental Input,10.1109/AAIML67890.2026.11498210,2026,1,SENS_SCOPUS_00161,JA_EXISTIA_NO_CORPUS,REG_07870,doi_exato
SENS_SCOPUS_00163,Scopus,scopus_nucleo_a5_sensibilidade_ia_ml,Ten questions concerning Large Language Models (LLMs) for building applications,10.1016/j.buildenv.2026.114260,2026,2,SENS_SCOPUS_00163|SENS_WOS_art01_00029,JA_EXISTIA_NO_CORPUS,REG_04720,doi_exato
SENS_SCOPUS_00169,Scopus,scopus_nucleo_a5_sensibilidade_ia_ml,"Improving the performance of green office buildings in mainland China through facility management under the ""dual carbon"" goals",10.1016/j.jclepro.2025.147381,2026,2,SENS_SCOPUS_00169|SENS_WOS_art01_00946,JA_EXISTIA_NO_CORPUS,REG_04813,doi_exato
SENS_SCOPUS_00177,Scopus,scopus_nucleo_a5_sensibilidade_ia_ml,Unraveling the impact of machine learning on the AEC sector: academia and industry perspectives,10.1080/17452007.2026.2632103,2026,2,SENS_SCOPUS_00177|SENS_WOS_art01_00886,JA_EXISTIA_NO_CORPUS,REG_04939,doi_exato
SENS_SCOPUS_00199,Scopus,scopus_nucleo_a5_sensibilidade_ia_ml,"BIM-CAP: A tool for assessing building information modelling capabilities of architecture, engineering, construction and facilities management processes",10.1016/j.softx.2026.102575,2026,2,SENS_SCOPUS_00199|SENS_WOS_art01_00997,JA_EXISTIA_NO_CORPUS,REG_04574,doi_exato
SENS_SCOPUS_00208,Scopus,scopus_nucleo_a5_sensibilidade_ia_ml,AI-Enabled Predictive Maintenance of Medical Equipment for Energy and Waste Reduction †,10.3390/engproc2026129010,2026,1,SENS_SCOPUS_00208,JA_EXISTIA_NO_CORPUS,REG_05020,doi_exato
SENS_SCOPUS_00212,Scopus,scopus_nucleo_a5_sensibilidade_ia_ml,Fault Detection in Wind Turbine Using IoT,10.1007/978-981-95-0269-1_126,2026,1,SENS_SCOPUS_00212,JA_EXISTIA_NO_CORPUS,REG_04976,doi_exato
SENS_SCOPUS_00218,Scopus,scopus_nucleo_a5_sensibilidade_ia_ml,Enhancing Building Material Classification in Smart City Through Neural Network Technology,10.1007/978-3-032-08718-8_13,2026,1,SENS_SCOPUS_00218,JA_EXISTIA_NO_CORPUS,REG_04994,doi_exato
SENS_SCOPUS_00225,Scopus,scopus_nucleo_a5_sensibilidade_ia_ml,Digital Twins for Building Renovation – What is the Added Value?,10.1007/978-3-032-26836-5_36,2026,1,SENS_SCOPUS_00225,JA_EXISTIA_NO_CORPUS,REG_04850,doi_exato
SENS_SCOPUS_00233,Scopus,scopus_nucleo_a5_sensibilidade_ia_ml,AI-Enabled Technology Adoption Models for Smart Construction and Facility Operations,10.1109/ICETSIS68266.2026.11548812,2026,1,SENS_SCOPUS_00233,JA_EXISTIA_NO_CORPUS,REG_04839,doi_exato
SENS_SCOPUS_00242,Scopus,scopus_nucleo_a5_sensibilidade_ia_ml,Research on Real-Time Perception and Risk Evolution of Smart City Facility Safety Based on the Integration of Digital Twin and the Internet of Things,10.1145/3795154.3795316,2026,1,SENS_SCOPUS_00242,JA_EXISTIA_NO_CORPUS,REG_04682,doi_exato
SENS_SCOPUS_00251,Scopus,scopus_nucleo_a5_sensibilidade_ia_ml,"The sentient infrastructure paradigm: a review of novel sensors, digital twins, and AI for civil structural health monitoring",10.1108/SR-10-2025-0822,2026,2,SENS_SCOPUS_00251|SENS_WOS_art01_00524,JA_EXISTIA_NO_CORPUS,REG_07873,doi_exato
SENS_SCOPUS_00260,Scopus,scopus_nucleo_a5_sensibilidade_ia_ml,Intelligent optimisation for sustainable development of onshore wind farm battery energy storage systems: A systematic review,10.1016/j.esr.2026.102109,2026,2,SENS_SCOPUS_00260|SENS_WOS_art02_00257,JA_EXISTIA_NO_CORPUS,REG_04717,doi_exato
SENS_SCOPUS_00266,Scopus,scopus_nucleo_a5_sensibilidade_ia_ml,AI-Driven Predictive Maintenance in Infrastructure and Facilities Management,10.4108/airo.9975,2026,1,SENS_SCOPUS_00266,JA_EXISTIA_NO_CORPUS,REG_04514,doi_exato
SENS_SCOPUS_00296,Scopus,scopus_nucleo_a5_sensibilidade_ia_ml,"Deep Learning in the Architecture, Engineering, and Construction (AEC) Industry: Methods, Challenges, and Emerging Opportunities",10.3390/buildings16081546,2026,2,SENS_SCOPUS_00296|SENS_WOS_art01_00577,JA_EXISTIA_NO_CORPUS,REG_04684,doi_exato
SENS_SCOPUS_00299,Scopus,scopus_nucleo_a5_sensibilidade_ia_ml,"Corrigendum/Erratum to “Integrating AI and spatial analysis for resilient and inclusive 15-minute cities: A case study of Gdańsk”(Cities, (2026), 173, C, (107011), (S026427512600243X), 10.1016/j.cities.2026.107011)",10.1016/j.cities.2026.107238,2026,1,SENS_SCOPUS_00299,JA_EXISTIA_NO_CORPUS,REG_04541,doi_exato
SENS_SCOPUS_00342,Scopus,scopus_nucleo_a5_sensibilidade_ia_ml,"AI-Enabled Energy Management Using Intelligent Operations Analytics, Agentic AI and Industry 4.0 Frameworks for Industrial and Data Centre Facilities",10.1142/S0219649226500309,2026,2,SENS_SCOPUS_00342|SENS_WOS_art01_00757,JA_EXISTIA_NO_CORPUS,REG_09322,doi_exato
SENS_SCOPUS_00344,Scopus,scopus_nucleo_a5_sensibilidade_ia_ml,Digital Building Stewards: AI Systems for Energy-Efficient Facility Management,10.1007/978-3-031-89420-6_15,2026,1,SENS_SCOPUS_00344,JA_EXISTIA_NO_CORPUS,REG_04848,doi_exato
SENS_SCOPUS_00353,Scopus,scopus_nucleo_a5_sensibilidade_ia_ml,Autoencoder Model Design Method for Operational Anomaly Detection in Escalators; [에스컬레이터 동작 이상 탐지를 위한 오토인코더 모델 설계 방법],10.7782/JKSR.2026.29.6.568,2026,1,SENS_SCOPUS_00353,JA_EXISTIA_NO_CORPUS,REG_07578,doi_exato
SENS_SCOPUS_00372,Scopus,scopus_nucleo_a5_sensibilidade_ia_ml,Generative AI in facility management: a structural topic modeling (STM) review with qualitative synthesis,10.1108/JFM-04-2025-0054,2026,3,SENS_SCOPUS_00372|SENS_WOS_art01_00126|SENS_CROSSREF_01753,JA_EXISTIA_NO_CORPUS,REG_04871,doi_exato
SENS_SCOPUS_00373,Scopus,scopus_nucleo_a5_sensibilidade_ia_ml,Remaining Useful Life (Rul) Prediction Model for Hybrid Battery Energy Storage System (Bess) at Commercial Building Using Long Short-Term Memory (Lstm),10.1109/REEPE69046.2026.11481305,2026,1,SENS_SCOPUS_00373,JA_EXISTIA_NO_CORPUS,REG_07865,doi_exato
SENS_SCOPUS_00388,Scopus,scopus_nucleo_a5_sensibilidade_ia_ml,Integrating digital twin technologies for maintenance 4.0 in the building industry: A review and conceptual framework,10.1016/j.buildenv.2025.113997,2026,2,SENS_SCOPUS_00388|SENS_CROSSREF_01839,JA_EXISTIA_NO_CORPUS,REG_07846,doi_exato
SENS_SCOPUS_00391,Scopus,scopus_nucleo_a5_sensibilidade_ia_ml,Digital twins for sustainable buildings: From framework to strategy guidelines and application,10.1016/j.enbuild.2026.117332,2026,2,SENS_SCOPUS_00391|SENS_WOS_art02_00327,JA_EXISTIA_NO_CORPUS,REG_04614,doi_exato
SENS_SCOPUS_00425,Scopus,scopus_nucleo_a5_sensibilidade_ia_ml,Spatial Intelligence for Efficient High-Rise Building Maintenance and Repair,10.1007/978-3-032-08718-8_9,2026,1,SENS_SCOPUS_00425,JA_EXISTIA_NO_CORPUS,REG_04953,doi_exato
SENS_SCOPUS_00430,Scopus,scopus_nucleo_a5_sensibilidade_ia_ml,A Bayesian optimized LSboost framework for energy usage intensity prediction in a university office building,10.1177/01436244261435319,2026,2,SENS_SCOPUS_00430|SENS_WOS_art01_00161,JA_EXISTIA_NO_CORPUS,REG_05043,doi_exato
SENS_SCOPUS_00433,Scopus,scopus_nucleo_a5_sensibilidade_ia_ml,Towards an Integrated Metaheuristic Approach for Workplace Performance Optimization,10.1007/978-3-032-19865-5_3,2026,1,SENS_SCOPUS_00433,JA_EXISTIA_NO_CORPUS,REG_04877,doi_exato
SENS_SCOPUS_00446,Scopus,scopus_nucleo_a5_sensibilidade_ia_ml,Smart Facility Management of Sustainable Buildings Using AI and IoT Technologies,10.1109/ICETSIS68266.2026.11548974,2026,1,SENS_SCOPUS_00446,JA_EXISTIA_NO_CORPUS,REG_04829,doi_exato
SENS_SCOPUS_00461,Scopus,scopus_nucleo_a5_sensibilidade_ia_ml,Optimizing the Efficiency of Operations & Maintenance Processes in Hospital Buildings Using Digital Systems & Applications; [تحسين كفاءة عمليات التشغيل والصيانة بمباني المستشفيات باستخدام الأنظمة والتطبيقات الرقمية],10.21608/jesaun.2025.376128.1478,2026,1,SENS_SCOPUS_00461,JA_EXISTIA_NO_CORPUS,REG_04723,doi_exato
SENS_SCOPUS_00467,Scopus,scopus_nucleo_a5_sensibilidade_ia_ml,The Application of Artificial Intelligence in Wastewater Monitoring and Treatment,10.1016/j.procs.2026.04.235,2026,1,SENS_SCOPUS_00467,JA_EXISTIA_NO_CORPUS,REG_04971,doi_exato
SENS_SCOPUS_00473,Scopus,scopus_nucleo_a5_sensibilidade_ia_ml,Automated UAV-Based Crack Detection and Measurement Using CNN and High-Resolution Image Processing,10.1007/978-3-032-10649-0_54,2026,1,SENS_SCOPUS_00473,JA_EXISTIA_NO_CORPUS,REG_04982,doi_exato
SENS_SCOPUS_00474,Scopus,scopus_nucleo_a5_sensibilidade_ia_ml,AI-Driven Predictive Maintenance in Industry 4.0: A Systematic Review and Research Directions,10.1109/IRASET68627.2026.11538626,2026,1,SENS_SCOPUS_00474,JA_EXISTIA_NO_CORPUS,REG_07856,doi_exato
SENS_SCOPUS_00482,Scopus,scopus_nucleo_a5_sensibilidade_ia_ml,Ambient Intelligent Environments in Facility Management: A Perspective for Emerging Economies,10.1007/978-3-032-08992-2_112,2026,1,SENS_SCOPUS_00482,JA_EXISTIA_NO_CORPUS,REG_04842,doi_exato
SENS_SCOPUS_00483,Scopus,scopus_nucleo_a5_sensibilidade_ia_ml,"Adoption of Smart Facilities Management in Ghana: Barriers, Opportunities, and the Shift From Traditional Practices",10.1002/isd2.70054,2026,2,SENS_SCOPUS_00483|SENS_WOS_art02_00172,JA_EXISTIA_NO_CORPUS,REG_04843,doi_exato
SENS_SCOPUS_00486,Scopus,scopus_nucleo_a5_sensibilidade_ia_ml,Review on application of fully-mechanized mining equipment technologies based on digital twin; [基于数字孪生的综采装备技术应用研究综述],10.12438/cst.2025-1258,2026,1,SENS_SCOPUS_00486,JA_EXISTIA_NO_CORPUS,REG_04776,doi_exato
SENS_SCOPUS_00489,Scopus,scopus_nucleo_a5_sensibilidade_ia_ml,Classification of building defects using ensemble machine learning models: a case study,10.1108/JFM-04-2025-0046,2026,2,SENS_SCOPUS_00489|SENS_WOS_art01_00592,JA_EXISTIA_NO_CORPUS,REG_04611,doi_exato
SENS_SCOPUS_00494,Scopus,scopus_nucleo_a5_sensibilidade_ia_ml,Explainable Artificial Intelligence (XAI) for Interpretable Heritage Building Maintenance Prediction,10.1145/3786554.3786572,2026,1,SENS_SCOPUS_00494,JA_EXISTIA_NO_CORPUS,REG_04793,doi_exato
SENS_SCOPUS_00502,Scopus,scopus_nucleo_a5_sensibilidade_ia_ml,An Attention-Enhanced YOLOv8 Architecture for Leakage Detection in Building Systems,10.1061/JPCFEV.CFENG-5264,2025,2,SENS_SCOPUS_00502|SENS_WOS_art01_00041,JA_EXISTIA_NO_CORPUS,REG_09396,doi_exato
SENS_WOS_art01_00612,WoS,wos_nucleo_a5_sensibilidade_ia_ml,Maintenance 4.0 for HVAC Systems: Addressing Implementation Challenges and Research Gaps,10.3390/smartcities8020066,2025,2,SENS_SCOPUS_00519|SENS_WOS_art01_00612,JA_EXISTIA_NO_CORPUS,REG_07896,doi_exato
SENS_SCOPUS_00550,Scopus,scopus_nucleo_a5_sensibilidade_ia_ml,AI-driven integration of digital twins and blockchain for smart building management systems: A multi-stage empirical study,10.1016/j.jobe.2025.112439,2025,2,SENS_SCOPUS_00550|SENS_WOS_art01_00864,JA_EXISTIA_NO_CORPUS,REG_05348,doi_exato
SENS_SCOPUS_00568,Scopus,scopus_nucleo_a5_sensibilidade_ia_ml,Service Engineering 4.0 Applicability: Results From Stakeholders′ Engagement Assessment in the Public Building Construction Projects,10.1155/je/5557271,2026,2,SENS_SCOPUS_00568|SENS_WOS_art02_00475,JA_EXISTIA_NO_CORPUS,REG_04967,doi_exato
SENS_SCOPUS_00571,Scopus,scopus_nucleo_a5_sensibilidade_ia_ml,Bias prediction vs. parameter Estimation: Calibration Framework comparison for urban Building energy modeling considering application scenarios,10.1016/j.jclepro.2025.146663,2025,2,SENS_SCOPUS_00571|SENS_WOS_art02_00535,JA_EXISTIA_NO_CORPUS,REG_05187,doi_exato
SENS_SCOPUS_00584,Scopus,scopus_nucleo_a5_sensibilidade_ia_ml,AI-driven transformations in smart buildings: A review of energy efficiency and sustainable operations,10.1016/j.dte.2025.100068,2025,1,SENS_SCOPUS_00584,JA_EXISTIA_NO_CORPUS,REG_05108,doi_exato
SENS_SCOPUS_00586,Scopus,scopus_nucleo_a5_sensibilidade_ia_ml,BIM Management Applied to Architectural Projects,,2025,1,SENS_SCOPUS_00586,JA_EXISTIA_NO_CORPUS,REG_05293,titulo_exato
SENS_SCOPUS_00588,Scopus,scopus_nucleo_a5_sensibilidade_ia_ml,Scalable Machine Learning Architectures for IPA-Driven Maintenance Task Allocation in Large-Scale Building Portfolios,10.1145/3700706.3700734,2025,1,SENS_SCOPUS_00588,JA_EXISTIA_NO_CORPUS,REG_05544,doi_exato
SENS_SCOPUS_00589,Scopus,scopus_nucleo_a5_sensibilidade_ia_ml,Harnessing machine learning for rapid and cost-efficient 3D geometry generation in neighborhood energy modeling,10.1016/j.rineng.2025.107599,2025,2,SENS_SCOPUS_00589|SENS_WOS_art01_00180,JA_EXISTIA_NO_CORPUS,REG_05098,doi_exato
SENS_SCOPUS_00597,Scopus,scopus_nucleo_a5_sensibilidade_ia_ml,Designing the future smart campus: integrating key elements to enhance user experience,10.1108/JSTPM-10-2024-0414,2025,2,SENS_SCOPUS_00597|SENS_WOS_art02_00547,JA_EXISTIA_NO_CORPUS,REG_05061,doi_exato
SENS_SCOPUS_00618,Scopus,scopus_nucleo_a5_sensibilidade_ia_ml,Enhancing Cost Prediction and Estimation Techniques for Sustainable Building Maintenance and Future Development,10.3390/encyclopedia5040181,2025,2,SENS_SCOPUS_00618|SENS_CROSSREF_01413,JA_EXISTIA_NO_CORPUS,REG_05102,doi_exato
SENS_SCOPUS_00642,Scopus,scopus_nucleo_a5_sensibilidade_ia_ml,Artificial Intelligence Empowering the Transformation of Building Maintenance: Current State of Research and Knowledge,10.3390/buildings15224118,2025,2,SENS_SCOPUS_00642|SENS_WOS_art01_00567,JA_EXISTIA_NO_CORPUS,REG_05150,doi_exato
SENS_SCOPUS_00644,Scopus,scopus_nucleo_a5_sensibilidade_ia_ml,"Research on the Maintenance Responsibility of Agricultural, Cultural, and Tourism Facilities from the Perspective of Project Lifecycle Management Based on XGBoost Algorithm",10.1145/3767624.3767654,2025,1,SENS_SCOPUS_00644,JA_EXISTIA_NO_CORPUS,REG_05184,doi_exato
SENS_SCOPUS_00645,Scopus,scopus_nucleo_a5_sensibilidade_ia_ml,Enhancing the Reliability of Monopile-Supported Offshore Wind Turbines Through Digital-Twin Framework: State of the Art Review,10.1007/s40098-026-01517-2,2026,2,SENS_SCOPUS_00645|SENS_WOS_art02_00051,JA_EXISTIA_NO_CORPUS,REG_04963,doi_exato
SENS_SCOPUS_00690,Scopus,scopus_nucleo_a5_sensibilidade_ia_ml,GIS and BIM integration for assessing and maintaining existing buildings: a review,10.1680/jfoen.25.00020,2025,2,SENS_SCOPUS_00690|SENS_WOS_art01_00664,JA_EXISTIA_NO_CORPUS,REG_09114,doi_exato
SENS_SCOPUS_00693,Scopus,scopus_nucleo_a5_sensibilidade_ia_ml,Optimizing Sustainable Value: The SCREAM Framework for Corporate Real Estate Asset Management,10.1007/978-3-032-08992-2_113,2026,1,SENS_SCOPUS_00693,JA_EXISTIA_NO_CORPUS,REG_04921,doi_exato
SENS_SCOPUS_00709,Scopus,scopus_nucleo_a5_sensibilidade_ia_ml,Developing a Digital Library Framework for Archiving Maritime Engineering Blueprints,10.51983/ijiss-2025.IJISS.15.3.19,2025,1,SENS_SCOPUS_00709,JA_EXISTIA_NO_CORPUS,REG_05346,doi_exato
SENS_SCOPUS_00710,Scopus,scopus_nucleo_a5_sensibilidade_ia_ml,Shaping the future of facility management. Market and literature insights on digital twin adoption,10.1108/F-02-2025-0029,2025,2,SENS_SCOPUS_00710|SENS_WOS_art02_00012,JA_EXISTIA_NO_CORPUS,REG_05236,doi_exato
SENS_SCOPUS_00724,Scopus,scopus_nucleo_a5_sensibilidade_ia_ml,"Unified system intelligence: Learning energy strategies for optimizing operations, maintenance, and market outcomes",10.1016/j.apenergy.2025.126906,2026,2,SENS_SCOPUS_00724|SENS_WOS_art02_00406,JA_EXISTIA_NO_CORPUS,REG_04947,doi_exato
SENS_SCOPUS_00729,Scopus,scopus_nucleo_a5_sensibilidade_ia_ml,Intelligent energy management with IoT framework in smart cities using intelligent analysis: An application of machine learning methods for complex networks and systems,10.1016/j.jnca.2024.104089,2025,2,SENS_SCOPUS_00729|SENS_WOS_art02_00526,JA_EXISTIA_NO_CORPUS,REG_05501,doi_exato
SENS_SCOPUS_00734,Scopus,scopus_nucleo_a5_sensibilidade_ia_ml,Machine learning techniques for predictive maintenance of building services: a comprehensive review and research outlook,10.1108/F-02-2025-0032,2025,3,SENS_SCOPUS_00734|SENS_WOS_art01_00156|SENS_CROSSREF_00693,JA_EXISTIA_NO_CORPUS,REG_05234,doi_exato
SENS_SCOPUS_00741,Scopus,scopus_nucleo_a5_sensibilidade_ia_ml,Empowering Data-Driven Smart Cycling Initiatives: A Comprehensive Analysis of Existing Datasets for Bike Maintenance,10.1109/IE69249.2026.11539030,2026,1,SENS_SCOPUS_00741,JA_EXISTIA_NO_CORPUS,REG_07864,doi_exato
SENS_SCOPUS_00749,Scopus,scopus_nucleo_a5_sensibilidade_ia_ml,Digital Twin for Building Asset Management: Challenges and Opportunities,10.1007/978-3-032-03534-9_34,2026,2,SENS_SCOPUS_00749|SENS_WOS_art01_00989,JA_EXISTIA_NO_CORPUS,REG_04860,doi_exato
SENS_SCOPUS_00763,Scopus,scopus_nucleo_a5_sensibilidade_ia_ml,The Use of BIM Models and Drone Flyover Data in Building Energy Efficiency Analysis,10.3390/en18133225,2025,2,SENS_SCOPUS_00763|SENS_WOS_art02_00192,JA_EXISTIA_NO_CORPUS,REG_05336,doi_exato
SENS_SCOPUS_00780,Scopus,scopus_nucleo_a5_sensibilidade_ia_ml,Transforming high-rise residential maintenance: a 3D spatio-temporal model utilizing Industry 4.0 and lean principles,10.1108/F-06-2024-0085,2025,2,SENS_SCOPUS_00780|SENS_WOS_art02_00090,JA_EXISTIA_NO_CORPUS,REG_05548,doi_exato
SENS_SCOPUS_00785,Scopus,scopus_nucleo_a5_sensibilidade_ia_ml,"Machine Learning in Smart Buildings: A Review of Methods, Challenges, and Future Trends",10.3390/app15147682,2025,2,SENS_SCOPUS_00785|SENS_WOS_art01_00245,JA_EXISTIA_NO_CORPUS,REG_05350,doi_exato
SENS_SCOPUS_00793,Scopus,scopus_nucleo_a5_sensibilidade_ia_ml,Full Life Cycle Management of Smart Distribution Network Based on Digital Twin: System Architecture and Application Verification,10.1007/978-981-95-6224-4_16,2026,1,SENS_SCOPUS_00793,JA_EXISTIA_NO_CORPUS,REG_04900,doi_exato
SENS_SCOPUS_00868,Scopus,scopus_nucleo_a5_sensibilidade_ia_ml,The role of digital technologies in heritage building maintenance: A comprehensive bibliometric study,10.1063/5.0291650,2025,1,SENS_SCOPUS_00868,JA_EXISTIA_NO_CORPUS,REG_05246,doi_exato
SENS_SCOPUS_00877,Scopus,scopus_nucleo_a5_sensibilidade_ia_ml,AI-Driven energy centered maintenance: Third edition,,2025,1,SENS_SCOPUS_00877,JA_EXISTIA_NO_CORPUS,REG_05428,titulo_exato
SENS_SCOPUS_00885,Scopus,scopus_nucleo_a5_sensibilidade_ia_ml,Artificial intelligence in healthcare facilities asset information management: mixed review,10.1680/jinam.23.00033,2025,2,SENS_SCOPUS_00885|SENS_WOS_art02_00179,JA_EXISTIA_NO_CORPUS,REG_05371,doi_exato
SENS_SCOPUS_00895,Scopus,scopus_nucleo_a5_sensibilidade_ia_ml,AI-empowered digital twin modeling for high-precision building defect management integrating UAV and GeoBIM,10.1007/s12273-025-1332-9,2025,2,SENS_SCOPUS_00895|SENS_WOS_art01_00939,JA_EXISTIA_NO_CORPUS,REG_05217,doi_exato
SENS_SCOPUS_00905,Scopus,scopus_nucleo_a5_sensibilidade_ia_ml,Towards Digital Transformation in Building Maintenance and Renovation: Integrating BIM and AI in Practice,10.3390/app152111389,2025,2,SENS_SCOPUS_00905|SENS_WOS_art02_00168,JA_EXISTIA_NO_CORPUS,REG_05175,doi_exato
SENS_SCOPUS_00920,Scopus,scopus_nucleo_a5_sensibilidade_ia_ml,The Use of Artificial Intelligence in Facilities Management: Potential Applications from Systematic Literature Review,10.47852/bonviewAIA52023691,2025,1,SENS_SCOPUS_00920,JA_EXISTIA_NO_CORPUS,REG_05319,doi_exato
SENS_SCOPUS_00934,Scopus,scopus_nucleo_a5_sensibilidade_ia_ml,A Review of Artificial Intelligence in Enhancing Architectural Design Efficiency,10.3390/app15031476,2025,2,SENS_SCOPUS_00934|SENS_WOS_art01_00505,JA_EXISTIA_NO_CORPUS,REG_05522,doi_exato
SENS_SCOPUS_00938,Scopus,scopus_nucleo_a5_sensibilidade_ia_ml,"International Conference on Smart and Sustainable Built Environment, SASBE 2025",,2026,1,SENS_SCOPUS_00938,JA_EXISTIA_NO_CORPUS,REG_04868,titulo_exato
SENS_SCOPUS_00942,Scopus,scopus_nucleo_a5_sensibilidade_ia_ml,BIM-Powered Asset Management Solutions—Digitalizing Building Maintenance,10.1007/978-3-032-05592-7_9,2026,1,SENS_SCOPUS_00942,JA_EXISTIA_NO_CORPUS,REG_04888,doi_exato
SENS_SCOPUS_00947,Scopus,scopus_nucleo_a5_sensibilidade_ia_ml,Self-supervised learning for remaining useful life prediction using simple triplet networks,10.1016/j.aei.2024.103038,2025,2,SENS_SCOPUS_00947|SENS_WOS_art01_00574,JA_EXISTIA_NO_CORPUS,REG_05503,doi_exato
SENS_SCOPUS_00991,Scopus,scopus_nucleo_a5_sensibilidade_ia_ml,Artificial Intelligence and Digital Twins for Bioclimatic Building Design: Innovations in Sustainability and Efficiency,10.3390/en18195230,2025,2,SENS_SCOPUS_00991|SENS_WOS_art01_00683,JA_EXISTIA_NO_CORPUS,REG_05211,doi_exato
SENS_SCOPUS_01021,Scopus,scopus_nucleo_a5_sensibilidade_ia_ml,Analysis of Energy Efficiency in Public Buildings Using AI,10.1109/ICBITI65527.2025.11500910,2025,1,SENS_SCOPUS_01021,JA_EXISTIA_NO_CORPUS,REG_07631,doi_exato
SENS_SCOPUS_01058,Scopus,scopus_nucleo_a5_sensibilidade_ia_ml,Role of Data Analytics in Optimizing Air Conditioning and Refrigeration Operations in Smart Buildings,10.1109/ICCBE65177.2025.11256079,2025,1,SENS_SCOPUS_01058,JA_EXISTIA_NO_CORPUS,REG_05969,doi_exato
SENS_SCOPUS_01068,Scopus,scopus_nucleo_a5_sensibilidade_ia_ml,"Future directions: practical challenges, human dimensions, and long-term impact in robotics and artificial intelligence in sports medicine and sports services",10.1016/B978-0-443-21734-0.00005-6,2025,1,SENS_SCOPUS_01068,JA_EXISTIA_NO_CORPUS,REG_05703,doi_exato
SENS_SCOPUS_01090,Scopus,scopus_nucleo_a5_sensibilidade_ia_ml,GPR-Former: Context-Aware Moisture Detection,10.22260/ISARC2025/0002,2025,1,SENS_SCOPUS_01090,JA_EXISTIA_NO_CORPUS,REG_05610,doi_exato
SENS_SCOPUS_01097,Scopus,scopus_nucleo_a5_sensibilidade_ia_ml,Machine Learning-Based System for Predicting Maintenance Priorities in Heritage Buildings Considering Microclimate Conditions,10.1007/978-981-96-5223-5_17,2025,1,SENS_SCOPUS_01097,JA_EXISTIA_NO_CORPUS,REG_07934,doi_exato
SENS_SCOPUS_01112,Scopus,scopus_nucleo_a5_sensibilidade_ia_ml,Research and implementation of intelligent operation and maintenance system for rail transit power supply equipment based on neural network,10.1117/12.3061644,2025,1,SENS_SCOPUS_01112,JA_EXISTIA_NO_CORPUS,REG_05627,doi_exato
SENS_SCOPUS_01151,Scopus,scopus_nucleo_a5_sensibilidade_ia_ml,Modern BIM Implementations on Hospitals Life Cycle Management: Systematic review,10.18687/LACCEI2025.1.1.1453,2025,1,SENS_SCOPUS_01151,JA_EXISTIA_NO_CORPUS,REG_05625,doi_exato
SENS_SCOPUS_01182,Scopus,scopus_nucleo_a5_sensibilidade_ia_ml,"Digital Twin Technology: A Tri-Sector Review of Agriculture, Health, and Water Treatment",10.1109/CSITSS67709.2025.11295668,2025,1,SENS_SCOPUS_01182,JA_EXISTIA_NO_CORPUS,REG_05824,doi_exato
SENS_SCOPUS_01195,Scopus,scopus_nucleo_a5_sensibilidade_ia_ml,"13th World Construction Symposium, WCS 2025",,2025,1,SENS_SCOPUS_01195,JA_EXISTIA_NO_CORPUS,REG_07709,titulo_aproximado_0.95_confirmado
SENS_SCOPUS_01202,Scopus,scopus_nucleo_a5_sensibilidade_ia_ml,AdUTrack: A Mobile Application Tracker for Facilities Maintenance and Waste Detection Using Machine Learning at Adamson University,10.1109/ICBIR65229.2025.11163172,2025,1,SENS_SCOPUS_01202,JA_EXISTIA_NO_CORPUS,REG_05752,doi_exato
SENS_SCOPUS_01206,Scopus,scopus_nucleo_a5_sensibilidade_ia_ml,Cross-Disciplinary Scenario Planning for Digitalisation in Project and Building Lifecycle,10.1007/978-981-96-4051-5_54,2025,1,SENS_SCOPUS_01206,JA_EXISTIA_NO_CORPUS,REG_05622,doi_exato
SENS_SCOPUS_01214,Scopus,scopus_nucleo_a5_sensibilidade_ia_ml,Net-Zero by Retrofit: Data-Driven Construction Facilities Upgrades for Yarmouk University’s Campus,,2025,1,SENS_SCOPUS_01214,JA_EXISTIA_NO_CORPUS,REG_05631,titulo_exato
SENS_SCOPUS_01231,Scopus,scopus_nucleo_a5_sensibilidade_ia_ml,A case for applications of machine-vision-Aided industrial robotics in pipeline bolting,10.1115/PVP2025-154467,2025,2,SENS_SCOPUS_01231|SENS_WOS_art02_00221,JA_EXISTIA_NO_CORPUS,REG_05946,doi_exato
SENS_SCOPUS_01236,Scopus,scopus_nucleo_a5_sensibilidade_ia_ml,Real-Time Energy Monitoring and Optimization in Healthcare using IoT and Machine Learning,10.1109/ICOSEC67334.2025.11459582,2025,1,SENS_SCOPUS_01236,JA_EXISTIA_NO_CORPUS,REG_05846,doi_exato
SENS_SCOPUS_01286,Scopus,scopus_nucleo_a5_sensibilidade_ia_ml,Impact of AI-Driven Signal Processing and Control System in Building Energy Efficiency and User Comfort,10.1109/ISPCC66872.2025.11039446,2025,1,SENS_SCOPUS_01286,JA_EXISTIA_NO_CORPUS,REG_07634,doi_exato
SENS_SCOPUS_01289,Scopus,scopus_nucleo_a5_sensibilidade_ia_ml,Grid-Based Spatial Encoding for Multimodal LLMs in Facility Management,10.1109/AIxB65684.2025.00020,2025,1,SENS_SCOPUS_01289,JA_EXISTIA_NO_CORPUS,REG_05666,doi_exato
SENS_SCOPUS_01300,Scopus,scopus_nucleo_a5_sensibilidade_ia_ml,Revolutionizing Facilities Management Outsourcing: AI Applications and Case Studies in Sustainable Outsourcing Relationships,10.1007/978-3-031-91845-2_1,2025,1,SENS_SCOPUS_01300,JA_EXISTIA_NO_CORPUS,REG_05675,doi_exato
SENS_SCOPUS_01308,Scopus,scopus_nucleo_a5_sensibilidade_ia_ml,"Integrating artificial intelligence, building information modeling, and augmented reality to enhance facility maintenance",10.1080/17508975.2025.2582526,2025,2,SENS_SCOPUS_01308|SENS_WOS_art01_00832,JA_EXISTIA_NO_CORPUS,REG_05706,doi_exato
SENS_SCOPUS_01314,Scopus,scopus_nucleo_a5_sensibilidade_ia_ml,AI-Driven approaches for sustainable urban development: A PRISMA systematic review of machine and deep learning applications in occupant health and facility management,10.22712/susb.20250031,2025,1,SENS_SCOPUS_01314,JA_EXISTIA_NO_CORPUS,REG_05633,doi_exato
SENS_SCOPUS_01337,Scopus,scopus_nucleo_a5_sensibilidade_ia_ml,Synthetic Fouling Image Data Generation for Heat Exchanger Predictive Maintenance,10.1109/COMPSAC65507.2025.00248,2025,2,SENS_SCOPUS_01337|SENS_WOS_art01_00160,JA_EXISTIA_NO_CORPUS,REG_07930,doi_exato
SENS_SCOPUS_01346,Scopus,scopus_nucleo_a5_sensibilidade_ia_ml,AI-Enhanced Robotics for Efficient Hospital Facility Maintenance in Cloud Environments,10.1109/ICCSP64183.2025.11088420,2025,1,SENS_SCOPUS_01346,JA_EXISTIA_NO_CORPUS,REG_05600,doi_exato
SENS_SCOPUS_01370,Scopus,scopus_nucleo_a5_sensibilidade_ia_ml,Data-driven pavement management for sustainable urban mobility: predicting transverse cracking in CRCP using GA-optimized SVR,10.1108/F-05-2025-0077,2025,2,SENS_SCOPUS_01370|SENS_WOS_art01_00263,JA_EXISTIA_NO_CORPUS,REG_05815,doi_exato
SENS_SCOPUS_01403,Scopus,scopus_nucleo_a5_sensibilidade_ia_ml,Cognitive Digital Twins: Integrating Deep Learning Models for Proactive Facilities Management in Smart Buildings,10.1061/9780784486436.040,2025,2,SENS_SCOPUS_01403|SENS_WOS_art01_00403,JA_EXISTIA_NO_CORPUS,REG_05630,doi_exato
SENS_SCOPUS_01437,Scopus,scopus_nucleo_a5_sensibilidade_ia_ml,Technology Trends and Digital Transformation in Construction,10.1007/978-981-96-7631-6_25,2025,1,SENS_SCOPUS_01437,JA_EXISTIA_NO_CORPUS,REG_05856,doi_exato
SENS_SCOPUS_01465,Scopus,scopus_nucleo_a5_sensibilidade_ia_ml,Bibliometric analysis of innovative technology use in sustainable facilities management for smart city development,10.1108/F-03-2025-0045,2025,2,SENS_SCOPUS_01465|SENS_WOS_art01_00941,JA_EXISTIA_NO_CORPUS,REG_05670,doi_exato
SENS_SCOPUS_01469,Scopus,scopus_nucleo_a5_sensibilidade_ia_ml,Integration of building information modeling and machine learning for predictive maintenance,10.1016/B978-0-443-29861-5.00017-2,2025,2,SENS_SCOPUS_01469|SENS_CROSSREF_01833,JA_EXISTIA_NO_CORPUS,REG_05818,doi_exato
SENS_SCOPUS_01487,Scopus,scopus_nucleo_a5_sensibilidade_ia_ml,Weather-aware deep learning framework for sustainable urban surveillance and infrastructure resilience,10.22712/susb.20250030,2025,1,SENS_SCOPUS_01487,JA_EXISTIA_NO_CORPUS,REG_05850,doi_exato
SENS_SCOPUS_01500,Scopus,scopus_nucleo_a5_sensibilidade_ia_ml,Predicting maintenance cost overruns in public school buildings using a rough topological approach,10.1016/j.autcon.2024.105810,2024,1,SENS_SCOPUS_01500,JA_EXISTIA_NO_CORPUS,REG_08711,doi_exato
SENS_SCOPUS_01541,Scopus,scopus_nucleo_a5_sensibilidade_ia_ml,Improving Equipment Maintenance—Switching from Corrective to Preventative Maintenance Strategies,10.3390/buildings14113581,2024,2,SENS_SCOPUS_01541|SENS_WOS_art01_00985,JA_EXISTIA_NO_CORPUS,REG_08625,doi_exato
SENS_SCOPUS_01558,Scopus,scopus_nucleo_a5_sensibilidade_ia_ml,Intelligent Predictive Maintenance for Smart Building Systems,10.1109/ICSSAS64001.2024.10760900,2024,1,SENS_SCOPUS_01558,JA_EXISTIA_NO_CORPUS,REG_06570,doi_exato
SENS_SCOPUS_01559,Scopus,scopus_nucleo_a5_sensibilidade_ia_ml,Modeling indoor thermal comfort in buildings using digital twin and machine learning,10.1016/j.dibe.2024.100480,2024,2,SENS_SCOPUS_01559|SENS_WOS_art02_00345,JA_EXISTIA_NO_CORPUS,REG_06203,doi_exato
SENS_SCOPUS_01564,Scopus,scopus_nucleo_a5_sensibilidade_ia_ml,Complex Building’s Decision Support Method Based on Fuzzy Signatures †,10.3390/buildings14061630,2024,1,SENS_SCOPUS_01564,JA_EXISTIA_NO_CORPUS,REG_07953,doi_exato
SENS_SCOPUS_01572,Scopus,scopus_nucleo_a5_sensibilidade_ia_ml,Generative AI Use in the Construction Industry,10.1007/978-3-031-46238-2_8,2024,1,SENS_SCOPUS_01572,JA_EXISTIA_NO_CORPUS,REG_06546,doi_exato
SENS_SCOPUS_01598,Scopus,scopus_nucleo_a5_sensibilidade_ia_ml,Building Tomorrow: Unleashing the Potential of Artificial Intelligence in Construction,10.1007/978-3-031-77197-2,2024,1,SENS_SCOPUS_01598,JA_EXISTIA_NO_CORPUS,REG_06583,doi_exato
SENS_SCOPUS_01616,Scopus,scopus_nucleo_a5_sensibilidade_ia_ml,How Can Business Analytics Enhance Decision-Making in Oil and Gas Surface Facilities?,10.1109/ACCESS.2025.3582939,2025,2,SENS_SCOPUS_01616|SENS_WOS_art02_00484,JA_EXISTIA_NO_CORPUS,REG_09126,doi_exato
SENS_SCOPUS_01617,Scopus,scopus_nucleo_a5_sensibilidade_ia_ml,KNOWLEDGE DISCOVERY IN DATABASES FOR HOTEL SERVICE QUALITY IMPROVEMENT THROUGH DATA-MINING APPROACH,,2024,1,SENS_SCOPUS_01617,JA_EXISTIA_NO_CORPUS,REG_06094,titulo_exato
SENS_SCOPUS_01623,Scopus,scopus_nucleo_a5_sensibilidade_ia_ml,Prospective Directions in the Computer Systems Industry Foundation Classes (IFC) for Shaping Data Exchange in the Sustainability and Resilience of Cities,10.3390/electronics13122297,2024,2,SENS_SCOPUS_01623|SENS_WOS_art02_00302,JA_EXISTIA_NO_CORPUS,REG_06347,doi_exato
SENS_SCOPUS_01631,Scopus,scopus_nucleo_a5_sensibilidade_ia_ml,Exploring artificial intelligence role in improving service building engagement in sorting,10.1016/j.wasman.2024.07.031,2024,2,SENS_SCOPUS_01631|SENS_WOS_art01_00588,JA_EXISTIA_NO_CORPUS,REG_06129,doi_exato
SENS_SCOPUS_01638,Scopus,scopus_nucleo_a5_sensibilidade_ia_ml,Comparative Study of Various Deep Learning Models for Structural Anomaly Detection,10.1007/978-981-99-9833-3_20,2024,1,SENS_SCOPUS_01638,JA_EXISTIA_NO_CORPUS,REG_06737,doi_exato
SENS_SCOPUS_01664,Scopus,scopus_nucleo_a5_sensibilidade_ia_ml,A whole-building data-driven fault detection and diagnosis approach for public buildings in hot climate regions,10.1016/j.enbenv.2023.07.005,2024,2,SENS_SCOPUS_01664|SENS_WOS_art01_00492,JA_EXISTIA_NO_CORPUS,REG_09229,doi_exato
SENS_SCOPUS_01676,Scopus,scopus_nucleo_a5_sensibilidade_ia_ml,Decision Support for Building Thermal Comfort Monitoring with a Sustainable GenAI System,10.1109/DASA63652.2024.10836648,2024,1,SENS_SCOPUS_01676,JA_EXISTIA_NO_CORPUS,REG_06664,doi_exato
SENS_SCOPUS_01682,Scopus,scopus_nucleo_a5_sensibilidade_ia_ml,Intelligent Buildings and Infrastructure with Sustainable and Social Values: Third edition,10.1680/9781835498187,2024,1,SENS_SCOPUS_01682,JA_EXISTIA_NO_CORPUS,REG_06198,doi_exato
SENS_SCOPUS_01693,Scopus,scopus_nucleo_a5_sensibilidade_ia_ml,Integration of Cyber Physical Systems and Data Science into the Built Environment Lifecycle,10.1007/978-981-97-3562-4_33,2024,2,SENS_SCOPUS_01693|SENS_WOS_art02_00097,JA_EXISTIA_NO_CORPUS,REG_06589,doi_exato
SENS_SCOPUS_01696,Scopus,scopus_nucleo_a5_sensibilidade_ia_ml,"7th International Conference on Civil Engineering and Architecture, ICCEA 2024",,2025,2,SENS_SCOPUS_01696|SENS_SCOPUS_01987,JA_EXISTIA_NO_CORPUS,REG_05832,titulo_exato
SENS_SCOPUS_01701,Scopus,scopus_nucleo_a5_sensibilidade_ia_ml,Priority Needs for Facilities of Office Buildings in Thailand: A Copula-Based Ordinal Regression Model with Machine Learning Approach,10.3390/buildings14030735,2024,2,SENS_SCOPUS_01701|SENS_WOS_art02_00346,JA_EXISTIA_NO_CORPUS,REG_09398,doi_exato
SENS_SCOPUS_01703,Scopus,scopus_nucleo_a5_sensibilidade_ia_ml,Smart Building Digital Twin for Interior Water Distribution System Management,10.5194/isprs-archives-XLVIII-4-2024-373-2024,2024,2,SENS_SCOPUS_01703|SENS_WOS_art02_00134,JA_EXISTIA_NO_CORPUS,REG_09204,doi_exato
SENS_SCOPUS_01713,Scopus,scopus_nucleo_a5_sensibilidade_ia_ml,Enabling Scalable and Efficient Building Energy Simulation through Scan-to-BIM,10.63044/s25ena60,2025,2,SENS_SCOPUS_01713|SENS_WOS_art02_00531,JA_EXISTIA_NO_CORPUS,REG_05576,doi_exato
SENS_SCOPUS_01714,Scopus,scopus_nucleo_a5_sensibilidade_ia_ml,Digital Twins for Intelligent Operation and Maintenance of Floating Offshore Wind Turbine Infrastructure on MODENERLANDS,10.1007/978-981-96-3912-0_60,2025,1,SENS_SCOPUS_01714,JA_EXISTIA_NO_CORPUS,REG_05789,doi_exato
SENS_SCOPUS_01719,Scopus,scopus_nucleo_a5_sensibilidade_ia_ml,"Construction Project Estimation with LSTM:Materials, Costs and Timelines",10.1109/IC3IoT60841.2024.10550246,2024,1,SENS_SCOPUS_01719,JA_EXISTIA_NO_CORPUS,REG_06555,doi_exato
SENS_WOS_art02_00544,WoS,wos_nucleo_a5_sensibilidade_ia_ml,Synthetic dataset generation of energy consumption for residential apartment building in cold weather considering the building's aging,10.1016/j.dib.2024.110445,2024,2,SENS_SCOPUS_01723|SENS_WOS_art02_00544,JA_EXISTIA_NO_CORPUS,REG_06359,doi_exato
SENS_SCOPUS_01729,Scopus,scopus_nucleo_a5_sensibilidade_ia_ml,Smart city landscape design for achieving net-zero emissions: Digital twin modeling,10.1016/j.seta.2024.103659,2024,2,SENS_SCOPUS_01729|SENS_WOS_art01_00220,JA_EXISTIA_NO_CORPUS,REG_06444,doi_exato
SENS_SCOPUS_01745,Scopus,scopus_nucleo_a5_sensibilidade_ia_ml,Graph Neural Networks for building and civil infrastructure operation and maintenance enhancement,10.1016/j.aei.2024.102868,2024,2,SENS_SCOPUS_01745|SENS_WOS_art01_00326,JA_EXISTIA_NO_CORPUS,REG_06202,doi_exato
SENS_SCOPUS_01765,Scopus,scopus_nucleo_a5_sensibilidade_ia_ml,Walking Environment Satisfaction in an Historic Block Based on POE and Machine Learning: A Case Study of Tianjin Five Avenues,10.3390/buildings14103047,2024,2,SENS_SCOPUS_01765|SENS_WOS_art02_00263,JA_EXISTIA_NO_CORPUS,REG_06220,doi_exato
SENS_SCOPUS_01773,Scopus,scopus_nucleo_a5_sensibilidade_ia_ml,Empowering smart cities with digital twins of buildings: Applications and implementation considerations of data-driven energy modelling in building management,10.1177/01436244241239290,2024,2,SENS_SCOPUS_01773|SENS_WOS_art02_00468,JA_EXISTIA_NO_CORPUS,REG_06307,doi_exato
SENS_SCOPUS_01776,Scopus,scopus_nucleo_a5_sensibilidade_ia_ml,Building automation and control systems for office buildings: Technical insights for effective facility management - A literature review,10.1016/j.jobe.2024.110943,2024,2,SENS_SCOPUS_01776|SENS_WOS_art02_00017,JA_EXISTIA_NO_CORPUS,REG_06161,doi_exato
SENS_SCOPUS_01779,Scopus,scopus_nucleo_a5_sensibilidade_ia_ml,Identifying Anomalies in Consumption Data With Forecasting Models: A Case Study With Plausibility Checks At TU Dortmund University,10.15488/17740,2024,2,SENS_SCOPUS_01779|SENS_WOS_art01_00475,JA_EXISTIA_NO_CORPUS,REG_06648,doi_exato
SENS_SCOPUS_01780,Scopus,scopus_nucleo_a5_sensibilidade_ia_ml,Integrated Building Intelligence,10.1007/978-3-031-68865-2,2024,1,SENS_SCOPUS_01780,JA_EXISTIA_NO_CORPUS,REG_06533,doi_exato
SENS_SCOPUS_01782,Scopus,scopus_nucleo_a5_sensibilidade_ia_ml,"CIEES 2024 - IEEE International Conference on Communications, Information, Electronic and Energy Systems",,2024,1,SENS_SCOPUS_01782,JA_EXISTIA_NO_CORPUS,REG_06666,titulo_exato
SENS_SCOPUS_01804,Scopus,scopus_nucleo_a5_sensibilidade_ia_ml,5G-enabled smart hospitals: Innovations in patient care and facility management,10.1097/MD.0000000000038239,2024,2,SENS_SCOPUS_01804|SENS_WOS_art02_00029,JA_EXISTIA_NO_CORPUS,REG_06370,doi_exato
SENS_SCOPUS_01805,Scopus,scopus_nucleo_a5_sensibilidade_ia_ml,A Bibliometric Exploration of Building Condition Assessment on Maintenance Strategies in TVET Institutions,10.59953/paperasia.v41i4b.530,2025,1,SENS_SCOPUS_01805,JA_EXISTIA_NO_CORPUS,REG_07908,doi_exato
SENS_SCOPUS_01860,Scopus,scopus_nucleo_a5_sensibilidade_ia_ml,Improving Facility Management Performance in Public Higher Education Institution Buildings in Nigeria,10.1007/978-3-031-65321-6_4,2024,1,SENS_SCOPUS_01860,JA_EXISTIA_NO_CORPUS,REG_06548,doi_exato
SENS_SCOPUS_01868,Scopus,scopus_nucleo_a5_sensibilidade_ia_ml,"World Conference on Smart Trends in Systems, Security, and Sustainability, WS4 2023",,2024,1,SENS_SCOPUS_01868,JA_EXISTIA_NO_CORPUS,REG_07975,titulo_exato
SENS_SCOPUS_01876,Scopus,scopus_nucleo_a5_sensibilidade_ia_ml,Closing the gap between theoretical models and real-time measurements - The SmartTune initiative,10.1051/e3sconf/202456210006,2024,2,SENS_SCOPUS_01876|SENS_WOS_art02_00457,JA_EXISTIA_NO_CORPUS,REG_06279,doi_exato
SENS_SCOPUS_01914,Scopus,scopus_nucleo_a5_sensibilidade_ia_ml,Enhancing Operational Efficacy of Smart Parking Facilities through Intelligent License Plate Recognition,10.22115/SCCE.2024.416135.1716,2024,1,SENS_SCOPUS_01914,JA_EXISTIA_NO_CORPUS,REG_06703,doi_exato
SENS_SCOPUS_01917,Scopus,scopus_nucleo_a5_sensibilidade_ia_ml,An Overview of ‘Intelligent’ and ‘Smart’ Approaches in the Context of Buildings,10.1007/978-3-031-48461-2_50,2024,2,SENS_SCOPUS_01917|SENS_WOS_art01_00845,JA_EXISTIA_NO_CORPUS,REG_06537,doi_exato
SENS_SCOPUS_01927,Scopus,scopus_nucleo_a5_sensibilidade_ia_ml,The Development of Internet of Things (IoT) Preventive and Predictive Maintenance Solutions for Building Management,10.1007/978-981-99-7569-3_22,2024,1,SENS_SCOPUS_01927,JA_EXISTIA_NO_CORPUS,REG_06709,doi_exato
SENS_SCOPUS_01940,Scopus,scopus_nucleo_a5_sensibilidade_ia_ml,Automatic Detection and Analysis of Concrete Cracks Using YOLO,10.1109/CONIT61985.2024.10627445,2024,1,SENS_SCOPUS_01940,JA_EXISTIA_NO_CORPUS,REG_07969,doi_exato
SENS_SCOPUS_01951,Scopus,scopus_nucleo_a5_sensibilidade_ia_ml,AI-Powered Digital Twins and Internet of Things for Smart Cities and Sustainable Building Environment,10.3390/app142412056,2024,2,SENS_SCOPUS_01951|SENS_WOS_art01_00842,JA_EXISTIA_NO_CORPUS,REG_06104,doi_exato
SENS_SCOPUS_01956,Scopus,scopus_nucleo_a5_sensibilidade_ia_ml,A Novel Framework for Estimation of the Maintenance and Operation Cost in Construction Projects: A Step Toward Sustainable Buildings,10.3390/su162310441,2024,2,SENS_SCOPUS_01956|SENS_WOS_art01_00111,JA_EXISTIA_NO_CORPUS,REG_06120,doi_exato
SENS_WOS_art01_00262,WoS,wos_nucleo_a5_sensibilidade_ia_ml,Next-Generation Building Condition Assessment: BIM and Neural Network Integration,10.1061/JPCFEV.CFENG-4828,2024,2,SENS_SCOPUS_01991|SENS_WOS_art01_00262,JA_EXISTIA_NO_CORPUS,REG_06111,doi_exato
SENS_SCOPUS_01995,Scopus,scopus_nucleo_a5_sensibilidade_ia_ml,Managing sport organizations: Responsibility for performance,10.4324/9781032703145,2024,1,SENS_SCOPUS_01995,JA_EXISTIA_NO_CORPUS,REG_06280,doi_exato
SENS_SCOPUS_02000,Scopus,scopus_nucleo_a5_sensibilidade_ia_ml,Automated Priority Assignment of Building Maintenance Tasks Using Natural Language Processing and Machine Learning,10.1061/JAEIED.AEENG-1516,2023,3,SENS_SCOPUS_02000|SENS_WOS_art01_00697|SENS_CROSSREF_01214,JA_EXISTIA_NO_CORPUS,REG_09216,doi_exato
SENS_SCOPUS_02004,Scopus,scopus_nucleo_a5_sensibilidade_ia_ml,Predictive Maintenance 4.0 for Chilled Water System at Commercial Buildings: A Systematic Literature Review,10.3390/buildings12081229,2022,2,SENS_SCOPUS_02004|SENS_WOS_art01_00437,JA_EXISTIA_NO_CORPUS,REG_08724,doi_exato
SENS_SCOPUS_02007,Scopus,scopus_nucleo_a5_sensibilidade_ia_ml,Moving towards Sustainable Smart Cities: A Review,10.1109/PEEIC59336.2023.10451196,2023,1,SENS_SCOPUS_02007,JA_EXISTIA_NO_CORPUS,REG_07293,doi_exato
SENS_SCOPUS_02011,Scopus,scopus_nucleo_a5_sensibilidade_ia_ml,Effects of external weather on the water consumption of Thermal-Energy-Storage Air-Conditioning system,10.1016/j.nexus.2023.100187,2023,2,SENS_SCOPUS_02011|SENS_WOS_art01_00758,JA_EXISTIA_NO_CORPUS,REG_07105,doi_exato
SENS_SCOPUS_02015,Scopus,scopus_nucleo_a5_sensibilidade_ia_ml,Roles of Artificial Intelligence and Machine Learning in Enhancing Construction Processes and Sustainable Communities,10.3390/buildings13082061,2023,2,SENS_SCOPUS_02015|SENS_WOS_art01_00781,JA_EXISTIA_NO_CORPUS,REG_07047,doi_exato
SENS_SCOPUS_02024,Scopus,scopus_nucleo_a5_sensibilidade_ia_ml,Enhancing Parking Facility of Container Drayage in Seaports: A Study on Integrating Computer Vision and AI,10.1109/ICKII58656.2023.10332699,2023,1,SENS_SCOPUS_02024,JA_EXISTIA_NO_CORPUS,REG_07453,doi_exato
SENS_SCOPUS_02026,Scopus,scopus_nucleo_a5_sensibilidade_ia_ml,A BIM and AIoT Integration Framework for Improving Energy Efficiency in Green Buildings,10.1061/9780784485262.059,2024,2,SENS_SCOPUS_02026|SENS_WOS_art02_00373,JA_EXISTIA_NO_CORPUS,REG_06511,doi_exato
SENS_SCOPUS_02027,Scopus,scopus_nucleo_a5_sensibilidade_ia_ml,"DIGITAL TWIN SOLUTION IMPLEMENTED ON ENERGY HUB TO FOSTER SUSTAINABLE SMART ENERGY CITY, CASE STUDY OF SUSTAINABLE SMART ENERGY HUB",10.5194/isprs-annals-X-4-W3-2022-41-2022,2022,1,SENS_SCOPUS_02027,JA_EXISTIA_NO_CORPUS,REG_02483,doi_exato
SENS_SCOPUS_02029,Scopus,scopus_nucleo_a5_sensibilidade_ia_ml,Internet of Things and the Smart Building Sector,10.1007/978-3-031-71426-9_19,2024,1,SENS_SCOPUS_02029,JA_EXISTIA_NO_CORPUS,REG_06802,doi_exato
SENS_SCOPUS_02032,Scopus,scopus_nucleo_a5_sensibilidade_ia_ml,Understanding the Impact of the Operational Faults on Building Energy Performance,10.3850/978-981-18-5184-1_MS-14-064-cd,2024,1,SENS_SCOPUS_02032,JA_EXISTIA_NO_CORPUS,REG_06519,doi_exato
SENS_SCOPUS_02037,Scopus,scopus_nucleo_a5_sensibilidade_ia_ml,A hybrid machine learning method with explicit time encoding for improved Malaysian photovoltaic power prediction,10.1016/j.jclepro.2022.134979,2023,2,SENS_SCOPUS_02037|SENS_WOS_art01_00424,JA_EXISTIA_NO_CORPUS,REG_07473,doi_exato
SENS_SCOPUS_02048,Scopus,scopus_nucleo_a5_sensibilidade_ia_ml,Financial Loss Assessment for Weather-Induced Railway Accidents Based on a Deep Learning Technique Using Weather Indicators,10.3390/app131810418,2023,2,SENS_SCOPUS_02048|SENS_WOS_art02_00244,JA_EXISTIA_NO_CORPUS,REG_07020,doi_exato
SENS_SCOPUS_02051,Scopus,scopus_nucleo_a5_sensibilidade_ia_ml,A ventilation early warning system (VEWS) for diaphanous workspaces considering COVID-19 and future pandemics scenarios,10.1016/j.heliyon.2023.e14640,2023,2,SENS_SCOPUS_02051|SENS_WOS_art02_00490,JA_EXISTIA_NO_CORPUS,REG_07175,doi_exato
SENS_SCOPUS_02058,Scopus,scopus_nucleo_a5_sensibilidade_ia_ml,Integration of Building Information Modeling with Sport and Facility: Current Status and Future Directions,10.3390/buildings13071829,2023,2,SENS_SCOPUS_02058|SENS_WOS_art02_00358,JA_EXISTIA_NO_CORPUS,REG_07062,doi_exato
SENS_SCOPUS_02060,Scopus,scopus_nucleo_a5_sensibilidade_ia_ml,Building Condition Indicators Analysis for BIM-FM Integration,10.1007/s11831-022-09719-6,2022,2,SENS_SCOPUS_02060|SENS_WOS_art01_00794,JA_EXISTIA_NO_CORPUS,REG_09528,doi_exato
SENS_SCOPUS_02092,Scopus,scopus_nucleo_a5_sensibilidade_ia_ml,An End-to-End Solution for Spatial Inference in Smart Buildings,10.1145/3600100.3623736,2023,2,SENS_SCOPUS_02092|SENS_WOS_art02_00329,JA_EXISTIA_NO_CORPUS,REG_06936,doi_exato
SENS_SCOPUS_02093,Scopus,scopus_nucleo_a5_sensibilidade_ia_ml,Technical Components Integration Using APIs for Predictive Maintenance in the Context of Industry 4.0 Digital Transformation,10.1007/978-3-031-42467-0_89,2023,2,SENS_SCOPUS_02093|SENS_WOS_art02_00093,JA_EXISTIA_NO_CORPUS,REG_07993,doi_exato
SENS_SCOPUS_02108,Scopus,scopus_nucleo_a5_sensibilidade_ia_ml,5G Pathway Navigation for Smart Infrastructure,10.1109/PEEIC59336.2023.10450629,2023,1,SENS_SCOPUS_02108,JA_EXISTIA_NO_CORPUS,REG_07300,doi_exato
SENS_SCOPUS_02109,Scopus,scopus_nucleo_a5_sensibilidade_ia_ml,Effectiveness Study of Artificial Intelligent Facility System in Maintaining Building Fire Safety (Case Study: Typical Public Building Cases of Fire-Fighting Facilities Management in China),10.1155/2023/2592322,2023,2,SENS_SCOPUS_02109|SENS_WOS_art02_00061,JA_EXISTIA_NO_CORPUS,REG_07379,doi_exato
SENS_SCOPUS_02117,Scopus,scopus_nucleo_a5_sensibilidade_ia_ml,Digital Twin for Fault Detection and Diagnosis of Building Operations: A Systematic Review,10.3390/buildings13061426,2023,2,SENS_SCOPUS_02117|SENS_WOS_art01_00561,JA_EXISTIA_NO_CORPUS,REG_07093,doi_exato
SENS_SCOPUS_02120,Scopus,scopus_nucleo_a5_sensibilidade_ia_ml,Digital twin-enabled prefabrication supply chain for smart construction and carbon emissions evaluation in building projects,10.1016/j.jobe.2023.107598,2023,2,SENS_SCOPUS_02120|SENS_WOS_art02_00211,JA_EXISTIA_NO_CORPUS,REG_06952,doi_exato
SENS_SCOPUS_02121,Scopus,scopus_nucleo_a5_sensibilidade_ia_ml,Visualizing Automated HVAC Performance Analysis on Floor Plans for Meaningful Insights,,2023,2,SENS_SCOPUS_02121|SENS_WOS_art02_00553,JA_EXISTIA_NO_CORPUS,REG_07333,titulo_exato
SENS_SCOPUS_02144,Scopus,scopus_nucleo_a5_sensibilidade_ia_ml,The ForTune Toolbox: Building Solutions for Condition-Based and Predictive Maintenance Focusing on Retrofitting,,2023,1,SENS_SCOPUS_02144,JA_EXISTIA_NO_CORPUS,REG_07995,titulo_exato
SENS_SCOPUS_02200,Scopus,scopus_nucleo_a5_sensibilidade_ia_ml,Building Maintenance Cost Estimation and Circular Economy: The Role of Machine-Learning,10.1016/j.susmat.2023.e00679,2023,3,SENS_SCOPUS_02200|SENS_WOS_art01_00792|SENS_CROSSREF_01985,JA_EXISTIA_NO_CORPUS,REG_07024,doi_exato
SENS_SCOPUS_02208,Scopus,scopus_nucleo_a5_sensibilidade_ia_ml,Facilities Management Information System with Data Analytics and Visualization,10.1109/ICEEICT56924.2023.10157626,2023,1,SENS_SCOPUS_02208,JA_EXISTIA_NO_CORPUS,REG_07241,doi_exato
SENS_SCOPUS_02214,Scopus,scopus_nucleo_a5_sensibilidade_ia_ml,Assessment of the Perception of Sustainability for Occupants of Residential Buildings: A Case Study in the UAE,10.3390/buildings12070994,2022,2,SENS_SCOPUS_02214|SENS_WOS_art01_00185,JA_EXISTIA_NO_CORPUS,REG_02568,doi_exato
SENS_SCOPUS_02241,Scopus,scopus_nucleo_a5_sensibilidade_ia_ml,"3rd International Conference of International Society for Intelligent Construction, ISIC 2022",,2023,1,SENS_SCOPUS_02241,JA_EXISTIA_NO_CORPUS,REG_07449,titulo_exato
SENS_SCOPUS_02242,Scopus,scopus_nucleo_a5_sensibilidade_ia_ml,Oil and Gas Field Digital Twin Full Lifecycle Management Platform and Application Based on Meta-Universe Technology,10.2118/221969-MS,2024,1,SENS_SCOPUS_02242,JA_EXISTIA_NO_CORPUS,REG_06657,doi_exato
SENS_SCOPUS_02258,Scopus,scopus_nucleo_a5_sensibilidade_ia_ml,Predictive Maintenance 4.0 for Chilled Water System at Commercial Buildings: A Methodological Framework,10.3390/buildings13020497,2023,2,SENS_SCOPUS_02258|SENS_WOS_art01_00195,JA_EXISTIA_NO_CORPUS,REG_08714,doi_exato
SENS_SCOPUS_02259,Scopus,scopus_nucleo_a5_sensibilidade_ia_ml,Is Digitalization Worth the Hassle? Two cases of Innovation Building Operation and Maintenance,10.1088/1755-1315/1176/1/012031,2023,1,SENS_SCOPUS_02259,JA_EXISTIA_NO_CORPUS,REG_07254,doi_exato
SENS_SCOPUS_02268,Scopus,scopus_nucleo_a5_sensibilidade_ia_ml,Data Centric “Smart” Digital Platform for Wastewater Treatment Plant Proactive Optimization and Maintenance,10.2175/193864718825159675,2024,1,SENS_SCOPUS_02268,JA_EXISTIA_NO_CORPUS,REG_06738,doi_exato
SENS_SCOPUS_02285,Scopus,scopus_nucleo_a5_sensibilidade_ia_ml,"Digital Evolution in AEC industry: Bridging BIM, Building Codes, and Future Technologies",10.1088/1755-1315/1376/1/012004,2024,1,SENS_SCOPUS_02285,JA_EXISTIA_NO_CORPUS,REG_06557,doi_exato
SENS_WOS_art02_00001,WoS,wos_nucleo_a5_sensibilidade_ia_ml,Digital twin with Machine learning for predictive monitoring of CO2 equivalent from existing buildings,10.1016/j.enbuild.2023.112851,2023,2,SENS_SCOPUS_02290|SENS_WOS_art02_00001,JA_EXISTIA_NO_CORPUS,REG_07158,doi_exato
SENS_SCOPUS_02300,Scopus,scopus_nucleo_a5_sensibilidade_ia_ml,A type-2 fuzzy system-based approach for image data fusion to create building information models,10.1016/j.inffus.2022.07.007,2022,2,SENS_SCOPUS_02300|SENS_WOS_art01_00210,JA_EXISTIA_NO_CORPUS,REG_02429,doi_exato
SENS_WOS_art01_00113,WoS,wos_nucleo_a5_sensibilidade_ia_ml,Improving building occupant comfort through a digital twin approach: A Bayesian network model and predictive maintenance method,10.1016/j.enbuild.2023.112992,2023,2,SENS_SCOPUS_02303|SENS_WOS_art01_00113,JA_EXISTIA_NO_CORPUS,REG_07097,doi_exato
SENS_SCOPUS_02307,Scopus,scopus_nucleo_a5_sensibilidade_ia_ml,In situ virtual sensors in building digital twins: framework and methodology,10.1016/j.jii.2023.100532,2023,2,SENS_SCOPUS_02307|SENS_WOS_art02_00178,JA_EXISTIA_NO_CORPUS,REG_06903,doi_exato
SENS_SCOPUS_02308,Scopus,scopus_nucleo_a5_sensibilidade_ia_ml,Using image analysis to quantify defects and prioritize repairs in built-up roofs,10.1108/F-08-2022-0119,2023,2,SENS_SCOPUS_02308|SENS_WOS_art01_00165,JA_EXISTIA_NO_CORPUS,REG_09385,doi_exato
SENS_SCOPUS_02316,Scopus,scopus_nucleo_a5_sensibilidade_ia_ml,DEVELOPMENT OF AN INNOVATIVE MODEL FOR THE INTER-INTEGRATION OF THE ARCHITECTURE OF THE INTELLIGENT COMPUTER ENVIRONMENT OF CRITICAL INFRASTRUCTURE FACILITIES OF THE RAILWAY,10.15587/2706-5448.2023.291244,2023,1,SENS_SCOPUS_02316,JA_EXISTIA_NO_CORPUS,REG_06993,doi_exato
SENS_SCOPUS_02317,Scopus,scopus_nucleo_a5_sensibilidade_ia_ml,Temporal Peak-Management and Clustering System for Sustainable Learning With Application to the Excimer Laser Annealing Process,10.1109/ACCESS.2023.3254910,2023,2,SENS_SCOPUS_02317|SENS_WOS_art02_00405,JA_EXISTIA_NO_CORPUS,REG_07469,doi_exato
SENS_SCOPUS_02319,Scopus,scopus_nucleo_a5_sensibilidade_ia_ml,Convolutional Neural Network and Support Vector Machine for Prediction of Damage Intensity to Multi-Storey Prefabricated RC Buildings,10.3390/en15134736,2022,2,SENS_SCOPUS_02319|SENS_WOS_art01_00118,JA_EXISTIA_NO_CORPUS,REG_02565,doi_exato
SENS_SCOPUS_02335,Scopus,scopus_nucleo_a5_sensibilidade_ia_ml,Convolutional Neural Networks and Regression Algorithms Supporting Buildings Facility Management,10.3390/buildings13112805,2023,2,SENS_SCOPUS_02335|SENS_WOS_art01_00283,JA_EXISTIA_NO_CORPUS,REG_06942,doi_exato
SENS_SCOPUS_02358,Scopus,scopus_nucleo_a5_sensibilidade_ia_ml,"Resource Optimization at Remote Facilities by Leveraging Advance Maintenance Practices TPM (Total Productive Maintenance), ODR (Operator Driven Reliability) and Industry 4.0 Technologies",10.2118/216229-MS,2023,1,SENS_SCOPUS_02358,JA_EXISTIA_NO_CORPUS,REG_07491,doi_exato
SENS_SCOPUS_02372,Scopus,scopus_nucleo_a5_sensibilidade_ia_ml,Integrating Blockchain and Emerging Technologies for Sustainability Assurance in the Built Environment,10.1109/AIBThings58340.2023.10292472,2023,1,SENS_SCOPUS_02372,JA_EXISTIA_NO_CORPUS,REG_07284,doi_exato
SENS_SCOPUS_02382,Scopus,scopus_nucleo_a5_sensibilidade_ia_ml,SEMI-AUTOMATIC 3D CRACK MAP GENERATION AND WIDTH EVALUATION FOR STRUCTURAL MONITORING OF REINFORCED CONCRETE STRUCTURES,10.36680/j.itcon.2023.040,2023,2,SENS_SCOPUS_02382|SENS_WOS_art01_00184,JA_EXISTIA_NO_CORPUS,REG_07978,doi_exato
SENS_SCOPUS_02388,Scopus,scopus_nucleo_a5_sensibilidade_ia_ml,Digitally transforming FM standards and their development process: Allowing experts to focus on what matters,10.1088/1755-1315/1176/1/012021,2023,1,SENS_SCOPUS_02388,JA_EXISTIA_NO_CORPUS,REG_07343,doi_exato
SENS_SCOPUS_02408,Scopus,scopus_nucleo_a5_sensibilidade_ia_ml,Artificial Intelligence in the Construction Industry: A Systematic Review of the Entire Construction Value Chain Lifecycle,10.3390/en17010182,2024,2,SENS_SCOPUS_02408|SENS_WOS_art02_00217,JA_EXISTIA_NO_CORPUS,REG_06621,doi_exato
SENS_SCOPUS_02412,Scopus,scopus_nucleo_a5_sensibilidade_ia_ml,SEAMLESS AUGMENTED REALITY REGISTRATION SUPPORTING FACILITY MANAGEMENT OPERATIONS IN UNPREPARED ENVIRONMENTS,10.36680/j.itcon.2024.051,2024,2,SENS_SCOPUS_02412|SENS_WOS_art02_00399,JA_EXISTIA_NO_CORPUS,REG_09267,doi_exato
SENS_SCOPUS_02416,Scopus,scopus_nucleo_a5_sensibilidade_ia_ml,A sustainable artificial intelligence facilities management outsourcing relationships system: Case studies,10.3389/fpsyg.2022.920625,2022,2,SENS_SCOPUS_02416|SENS_WOS_art01_00217,JA_EXISTIA_NO_CORPUS,REG_02535,doi_exato
SENS_SCOPUS_02418,Scopus,scopus_nucleo_a5_sensibilidade_ia_ml,Integrating Energy System Monitoring and Maintenance Services into a BIM-Based Digital Twin,10.1109/IECON51785.2023.10311659,2023,2,SENS_SCOPUS_02418|SENS_WOS_art02_00188,JA_EXISTIA_NO_CORPUS,REG_07263,doi_exato
SENS_WOS_art01_00775,WoS,wos_nucleo_a5_sensibilidade_ia_ml,Digital Twin framework for automated fault source detection and prediction for comfort performance evaluation of existing non-residential Norwegian buildings,10.1016/j.enbuild.2022.112732,2023,2,SENS_SCOPUS_02420|SENS_WOS_art01_00775,JA_EXISTIA_NO_CORPUS,REG_07192,doi_exato
SENS_SCOPUS_02423,Scopus,scopus_nucleo_a5_sensibilidade_ia_ml,"3rd International Conference on Smart Cities and Sustainable Planning, SCSP 2022",,2023,1,SENS_SCOPUS_02423,JA_EXISTIA_NO_CORPUS,REG_07039,titulo_exato
SENS_SCOPUS_02424,Scopus,scopus_nucleo_a5_sensibilidade_ia_ml,AI-Powered Intelligent Seaport Mobility: Enhancing Container Drayage Efficiency through Computer Vision and Deep Learning,10.3390/app132212214,2023,2,SENS_SCOPUS_02424|SENS_WOS_art01_00722,JA_EXISTIA_NO_CORPUS,REG_06951,doi_exato
SENS_SCOPUS_02431,Scopus,scopus_nucleo_a5_sensibilidade_ia_ml,An Integrated Deep Learning and Edge Computing Framework for Intelligent Energy Management in IoT-Based Smart Cities,10.1109/ICTEASD57136.2023.10585232,2023,1,SENS_SCOPUS_02431,JA_EXISTIA_NO_CORPUS,REG_07528,doi_exato
SENS_SCOPUS_02435,Scopus,scopus_nucleo_a5_sensibilidade_ia_ml,Roads Infrastructure Digital Twin Case Study: Uzbekistan,10.1007/978-981-97-8483-7_10,2024,1,SENS_SCOPUS_02435,JA_EXISTIA_NO_CORPUS,REG_07972,doi_exato
SENS_SCOPUS_02441,Scopus,scopus_nucleo_a5_sensibilidade_ia_ml,Enhancing Zero-Carbon Building Operation and Maintenance: A Correlation-Based Data Mining Approach for Database Analysis,10.3390/su151813671,2023,2,SENS_SCOPUS_02441|SENS_WOS_art02_00240,JA_EXISTIA_NO_CORPUS,REG_08230,doi_exato
SENS_SCOPUS_02446,Scopus,scopus_nucleo_a5_sensibilidade_ia_ml,A discussion of digital transition impact on facility management of hospital buildings,10.1108/F-07-2022-0092,2023,2,SENS_SCOPUS_02446|SENS_WOS_art02_00091,JA_EXISTIA_NO_CORPUS,REG_07138,doi_exato
SENS_SCOPUS_02491,Scopus,scopus_nucleo_a5_sensibilidade_ia_ml,"Application of deep learning in facility management and maintenance for heating, ventilation, and air conditioning",10.1016/j.autcon.2022.104445,2022,2,SENS_SCOPUS_02491|SENS_WOS_art01_00308,JA_EXISTIA_NO_CORPUS,REG_02517,doi_exato
SENS_SCOPUS_02515,Scopus,scopus_nucleo_a5_sensibilidade_ia_ml,Data Driven Approach to Forecast Building Occupant Complaints,,2020,2,SENS_SCOPUS_02515|SENS_WOS_art01_00818,JA_EXISTIA_NO_CORPUS,REG_03864,titulo_exato
SENS_SCOPUS_02523,Scopus,scopus_nucleo_a5_sensibilidade_ia_ml,A DEEP LEARNING-BASED BUILDING DEFECTS DETECTION TOOL FOR SUSTAINABILITY MONITORING,10.31705/WCS.2022.1,2022,1,SENS_SCOPUS_02523,JA_EXISTIA_NO_CORPUS,REG_02861,doi_exato
SENS_SCOPUS_02528,Scopus,scopus_nucleo_a5_sensibilidade_ia_ml,Big data and its applications in smart real estate and the disaster management life cycle: A systematic analysis,10.3390/bdcc4020004,2020,2,SENS_SCOPUS_02528|SENS_WOS_art02_00552,JA_EXISTIA_NO_CORPUS,REG_03716,doi_exato
SENS_SCOPUS_02530,Scopus,scopus_nucleo_a5_sensibilidade_ia_ml,Analysis of the Synergistic Effect of Data Analytics and Technology Trends in the AEC/FM Industry,10.1061/(ASCE)CO.1943-7862.0001759,2020,2,SENS_SCOPUS_02530|SENS_WOS_art02_00418,JA_EXISTIA_NO_CORPUS,REG_03795,doi_exato
SENS_SCOPUS_02540,Scopus,scopus_nucleo_a5_sensibilidade_ia_ml,Optimized Building Component Assessment Planning Using a Value of Information Model,10.1061/(ASCE)CF.1943-5509.0001198,2018,2,SENS_SCOPUS_02540|SENS_WOS_art01_00310,JA_EXISTIA_NO_CORPUS,REG_00076,doi_exato
SENS_SCOPUS_02565,Scopus,scopus_nucleo_a5_sensibilidade_ia_ml,"European Conference on Computing in Construction, EC3 2021",,2021,2,SENS_SCOPUS_02549|SENS_SCOPUS_02565,JA_EXISTIA_NO_CORPUS,REG_03360,titulo_exato
SENS_SCOPUS_02551,Scopus,scopus_nucleo_a5_sensibilidade_ia_ml,Machine Learning-Based Building Life-Cycle Cost Prediction: A Framework and Ontology,,2020,2,SENS_SCOPUS_02551|SENS_WOS_art02_00286,JA_EXISTIA_NO_CORPUS,REG_03851,titulo_exato
SENS_SCOPUS_02555,Scopus,scopus_nucleo_a5_sensibilidade_ia_ml,Developing a process for continuous commissioning,10.1109/IECON.2018.8591688,2018,2,SENS_SCOPUS_02555|SENS_WOS_art02_00469,JA_EXISTIA_NO_CORPUS,REG_09287,titulo_exato
SENS_SCOPUS_02560,Scopus,scopus_nucleo_a5_sensibilidade_ia_ml,An Artificial Intelligence Technology for Predictive Operation and Maintenance of Crude Oil Gathering Systems,10.2118/201567-MS,2020,2,SENS_SCOPUS_02560|SENS_SCOPUS_02672,JA_EXISTIA_NO_CORPUS,REG_03958,doi_exato
SENS_SCOPUS_02566,Scopus,scopus_nucleo_a5_sensibilidade_ia_ml,Data-driven building load profiling and energy management,10.1016/j.scs.2019.101587,2019,2,SENS_SCOPUS_02566|SENS_WOS_art01_00468,JA_EXISTIA_NO_CORPUS,REG_04162,doi_exato
SENS_SCOPUS_02574,Scopus,scopus_nucleo_a5_sensibilidade_ia_ml,Building condition assessment using artificial neural network and structural equations,10.1016/j.eswa.2021.115743,2021,2,SENS_SCOPUS_02574|SENS_WOS_art01_00071,JA_EXISTIA_NO_CORPUS,REG_09220,doi_exato
SENS_SCOPUS_02578,Scopus,scopus_nucleo_a5_sensibilidade_ia_ml,Natural language processing model for managing maintenance requests in buildings,10.3390/BUILDINGS10090160,2020,3,SENS_SCOPUS_02578|SENS_WOS_art01_00555|SENS_CROSSREF_01299,JA_EXISTIA_NO_CORPUS,REG_08723,doi_exato
SENS_SCOPUS_02585,Scopus,scopus_nucleo_a5_sensibilidade_ia_ml,Unsupervised learning techniques for HVAC terminal unit behaviour analysis,10.1109/UIC-ATC.2017.8397584,2018,2,SENS_SCOPUS_02585|SENS_WOS_art01_00815,JA_EXISTIA_NO_CORPUS,REG_00103,doi_exato
SENS_SCOPUS_02593,Scopus,scopus_nucleo_a5_sensibilidade_ia_ml,Machine Learning Framework for the Sustainable Maintenance of Building Facilities,10.3390/su14020681,2022,2,SENS_SCOPUS_02593|SENS_WOS_art01_00729,JA_EXISTIA_NO_CORPUS,REG_02829,doi_exato
SENS_SCOPUS_02607,Scopus,scopus_nucleo_a5_sensibilidade_ia_ml,Developing a Web-Based BIM Asset and Facility Management System of Building Digital Twins,10.1061/9780784483893.061,2021,2,SENS_SCOPUS_02607|SENS_WOS_art02_00160,JA_EXISTIA_NO_CORPUS,REG_03329,doi_exato
SENS_SCOPUS_02614,Scopus,scopus_nucleo_a5_sensibilidade_ia_ml,Office building occupancy monitoring through image recognition sensors,10.2495/SAFE-V9-N4-371-380,2019,1,SENS_SCOPUS_02614,JA_EXISTIA_NO_CORPUS,REG_04325,doi_exato
SENS_SCOPUS_02618,Scopus,scopus_nucleo_a5_sensibilidade_ia_ml,Robotics Applicability for Routine Operator Tasks in Power Plant Facilities,,2021,1,SENS_SCOPUS_02618,JA_EXISTIA_NO_CORPUS,REG_03331,titulo_exato
SENS_SCOPUS_02621,Scopus,scopus_nucleo_a5_sensibilidade_ia_ml,Opportunities for Applying Camera-Equipped Drones towards Performance Inspections of Building Facades,10.1061/9780784482445.015,2019,2,SENS_SCOPUS_02621|SENS_WOS_art02_00249,JA_EXISTIA_NO_CORPUS,REG_04349,doi_exato
SENS_SCOPUS_02633,Scopus,scopus_nucleo_a5_sensibilidade_ia_ml,A Digital Twin Framework for Enhancing Predictive Maintenance of Pumps in Wastewater Treatment Plants,,2021,1,SENS_SCOPUS_02633,JA_EXISTIA_NO_CORPUS,REG_03467,titulo_exato
SENS_SCOPUS_02637,Scopus,scopus_nucleo_a5_sensibilidade_ia_ml,A Data-Driven Digital Twin for Urban Activity Monitoring,10.1109/ISCC55528.2022.9912914,2022,1,SENS_SCOPUS_02637,JA_EXISTIA_NO_CORPUS,REG_02798,doi_exato
SENS_WOS_art01_00231,WoS,wos_nucleo_a5_sensibilidade_ia_ml,A Digital Twin predictive maintenance framework of air handling units based on automatic fault detection and diagnostics,10.1016/j.enbuild.2022.111988,2022,2,SENS_SCOPUS_02641|SENS_WOS_art01_00231,JA_EXISTIA_NO_CORPUS,REG_09217,doi_exato
SENS_SCOPUS_02648,Scopus,scopus_nucleo_a5_sensibilidade_ia_ml,DEVELOPMENT OF A HOLISTIC DATA-DRIVEN DETECTION AND DIAGNOSIS APPROACH FOR OPERATIONAL FAULTS IN PUBLIC BUILDINGS,10.1115/IMECE2022-94599,2022,2,SENS_SCOPUS_02648|SENS_WOS_art02_00173,JA_EXISTIA_NO_CORPUS,REG_09207,titulo_exato
SENS_SCOPUS_02661,Scopus,scopus_nucleo_a5_sensibilidade_ia_ml,Self-learning and self-repairing technologies to establish autonomous building maintenance,10.1051/matecconf/201927804004,2019,2,SENS_SCOPUS_02661|SENS_WOS_art02_00421,JA_EXISTIA_NO_CORPUS,REG_04258,doi_exato
SENS_SCOPUS_02664,Scopus,scopus_nucleo_a5_sensibilidade_ia_ml,Prognostics and Health Management (PHM): Where are we and where do we (need to) go in theory and practice,10.1016/j.ress.2021.108119,2022,2,SENS_SCOPUS_02664|SENS_WOS_art01_00151,JA_EXISTIA_NO_CORPUS,REG_02700,doi_exato
SENS_SCOPUS_02667,Scopus,scopus_nucleo_a5_sensibilidade_ia_ml,Conceptual Design of a Robotic Building Envelope Assessment System for Energy Efficiency,,2021,1,SENS_SCOPUS_02667,JA_EXISTIA_NO_CORPUS,REG_03409,titulo_exato
SENS_SCOPUS_02671,Scopus,scopus_nucleo_a5_sensibilidade_ia_ml,Concept for BIM-based maintenance of engineering structures with monitoring systems; [Konzept zur BIM-basierten Instandhaltung von Ingenieurbauwerken mit Monitoringsystemen],10.1002/bate.202000095,2020,2,SENS_SCOPUS_02671|SENS_WOS_art02_00126,JA_EXISTIA_NO_CORPUS,REG_03548,doi_exato
SENS_SCOPUS_02685,Scopus,scopus_nucleo_a5_sensibilidade_ia_ml,Artificial intelligence exploitation in facility management using deep learning,10.1108/CI-12-2019-0138,2020,2,SENS_SCOPUS_02685|SENS_WOS_art01_00236,JA_EXISTIA_NO_CORPUS,REG_03655,doi_exato
SENS_SCOPUS_02689,Scopus,scopus_nucleo_a5_sensibilidade_ia_ml,A system of systems approach to smart Building Management: an AI vision for Facility Management,10.1109/SOSE55472.2022.9812696,2022,1,SENS_SCOPUS_02689,JA_EXISTIA_NO_CORPUS,REG_08484,doi_exato
SENS_SCOPUS_02692,Scopus,scopus_nucleo_a5_sensibilidade_ia_ml,BIM - Based machine learning engine for smart real estate appraisal,,2019,1,SENS_SCOPUS_02692,JA_EXISTIA_NO_CORPUS,REG_04365,titulo_exato
SENS_SCOPUS_02702,Scopus,scopus_nucleo_a5_sensibilidade_ia_ml,Bayesian networks and Support Vector Classifier in damage risk assessment of RC prefabricated building structures in mining areas,10.23919/SpliTech49282.2020.9243718,2020,1,SENS_SCOPUS_02702,JA_EXISTIA_NO_CORPUS,REG_03624,doi_exato
SENS_SCOPUS_02708,Scopus,scopus_nucleo_a5_sensibilidade_ia_ml,Text-mining building maintenance work orders for component fault frequency,10.1080/09613218.2018.1459004,2019,3,SENS_SCOPUS_02708|SENS_WOS_art02_00132|SENS_CROSSREF_01204,JA_EXISTIA_NO_CORPUS,REG_04186,doi_exato
SENS_SCOPUS_02728,Scopus,scopus_nucleo_a5_sensibilidade_ia_ml,A semi-automated method for integrating textural and material data into as-built BIM using TIS,10.12989/acd.2020.5.2.127,2020,2,SENS_SCOPUS_02728|SENS_WOS_art02_00383,JA_EXISTIA_NO_CORPUS,REG_03767,doi_exato
SENS_SCOPUS_02744,Scopus,scopus_nucleo_a5_sensibilidade_ia_ml,Benefits of Smart Meters in Institutional Building – A Case Study,10.1201/9781003201069-15,2022,1,SENS_SCOPUS_02744,JA_EXISTIA_NO_CORPUS,REG_02885,doi_exato
SENS_SCOPUS_02745,Scopus,scopus_nucleo_a5_sensibilidade_ia_ml,DIGITAL TWIN AND BUILDING PERFORMANCE: A REVIEW AND PROPOSED FRAMEWORK,,2022,1,SENS_SCOPUS_02745,JA_EXISTIA_NO_CORPUS,REG_02881,titulo_exato
SENS_SCOPUS_02746,Scopus,scopus_nucleo_a5_sensibilidade_ia_ml,"ARTIFICIAL INTELLIGENCE IN CONSTRUCTION ASSET MANAGEMENT: A REVIEW OF PRESENT STATUS, CHALLENGES AND FUTURE OPPORTUNITIES",10.36680/j.itcon.2022.043,2022,2,SENS_SCOPUS_02746|SENS_WOS_art01_00351,JA_EXISTIA_NO_CORPUS,REG_02893,doi_exato
SENS_SCOPUS_02753,Scopus,scopus_nucleo_a5_sensibilidade_ia_ml,Does historical data still count? Exploring the applicability of smart building applications in the post-pandemic period,10.1016/j.scs.2021.102804,2021,2,SENS_SCOPUS_02753|SENS_WOS_art01_00834,JA_EXISTIA_NO_CORPUS,REG_03159,doi_exato
SENS_SCOPUS_02762,Scopus,scopus_nucleo_a5_sensibilidade_ia_ml,Information modelling for building maintenance using mobile clients,,2019,1,SENS_SCOPUS_02762,JA_EXISTIA_NO_CORPUS,REG_04320,titulo_exato
SENS_SCOPUS_02764,Scopus,scopus_nucleo_a5_sensibilidade_ia_ml,"Expert panel, preventive maintenance of heritage buildings and fuzzy logic system: An application in valdivia, Chile",10.3390/su13126922,2021,2,SENS_SCOPUS_02764|SENS_WOS_art02_00487,JA_EXISTIA_NO_CORPUS,REG_08566,doi_exato
SENS_SCOPUS_02781,Scopus,scopus_nucleo_a5_sensibilidade_ia_ml,Application of Deep Learning and Unmanned Aerial Vehicle on Building Maintenance,10.1155/2021/5598690,2021,2,SENS_SCOPUS_02781|SENS_WOS_art01_00227,JA_EXISTIA_NO_CORPUS,REG_03471,doi_exato
SENS_SCOPUS_02814,Scopus,scopus_nucleo_a5_sensibilidade_ia_ml,A sustainable facility management outsourcing relationships system: Artificial neural networks,10.3390/su13094740,2021,2,SENS_SCOPUS_02814|SENS_WOS_art01_00096,JA_EXISTIA_NO_CORPUS,REG_03180,doi_exato
SENS_SCOPUS_02825,Scopus,scopus_nucleo_a5_sensibilidade_ia_ml,Predictive Maintenance Planning for Industry 4.0 Using Machine Learning for Sustainable Manufacturing,10.3390/su14063387,2022,2,SENS_SCOPUS_02825|SENS_WOS_art01_00143,JA_EXISTIA_NO_CORPUS,REG_02673,doi_exato
SENS_SCOPUS_02829,Scopus,scopus_nucleo_a5_sensibilidade_ia_ml,A Predictive Maintenance Approach Toward Industry 4.0 Machines,10.1007/978-3-030-48021-9_72,2020,1,SENS_SCOPUS_02829,JA_EXISTIA_NO_CORPUS,REG_03934,doi_exato
SENS_SCOPUS_02833,Scopus,scopus_nucleo_a5_sensibilidade_ia_ml,Comparing Word Embeddings through Visualisation,10.1109/IV56949.2022.00024,2022,2,SENS_SCOPUS_02833|SENS_WOS_art02_00349,JA_EXISTIA_NO_CORPUS,REG_02721,doi_exato
SENS_SCOPUS_02834,Scopus,scopus_nucleo_a5_sensibilidade_ia_ml,Dominant transmission route of SARS-CoV-2 and its implication to indoor environment; [新型冠状病毒的主要传播途径及其对室内环境设计的影响],10.1360/TB-2020-1532,2021,2,SENS_SCOPUS_02834|SENS_WOS_art02_00558,JA_EXISTIA_NO_CORPUS,REG_03297,doi_exato
SENS_SCOPUS_02836,Scopus,scopus_nucleo_a5_sensibilidade_ia_ml,Building automation system - BIM integration using a linked data structure,10.1016/j.autcon.2020.103257,2020,2,SENS_SCOPUS_02836|SENS_WOS_art02_00472,JA_EXISTIA_NO_CORPUS,REG_03607,doi_exato
SENS_SCOPUS_02842,Scopus,scopus_nucleo_a5_sensibilidade_ia_ml,"12th International Conference on Construction in the 21st Century, CITC 2022",,2022,1,SENS_SCOPUS_02842,JA_EXISTIA_NO_CORPUS,REG_02821,titulo_exato
SENS_SCOPUS_02850,Scopus,scopus_nucleo_a5_sensibilidade_ia_ml,Using a data driven neural network approach to forecast building occupant complaints,10.1016/j.buildenv.2021.107972,2021,2,SENS_SCOPUS_02850|SENS_WOS_art01_00483,JA_EXISTIA_NO_CORPUS,REG_03097,doi_exato
SENS_SCOPUS_02854,Scopus,scopus_nucleo_a5_sensibilidade_ia_ml,Service-oriented semantic enrichment of indoor point clouds using octree-based multiview classification,10.1016/j.gmod.2019.101039,2019,2,SENS_SCOPUS_02854|SENS_WOS_art01_00375,JA_EXISTIA_NO_CORPUS,REG_04139,doi_exato
SENS_SCOPUS_02856,Scopus,scopus_nucleo_a5_sensibilidade_ia_ml,Two-Level Quality Decision Support System for Building Structural Damage Prediction and Maintenance Solution Recommendation in the Operation and Maintenance Phase,10.1061/(ASCE)CO.1943-7862.0002051,2021,2,SENS_SCOPUS_02856|SENS_WOS_art01_00379,JA_EXISTIA_NO_CORPUS,REG_03158,doi_exato
SENS_SCOPUS_02860,Scopus,scopus_nucleo_a5_sensibilidade_ia_ml,"5th Australasia and South East Asia Conference on Structural Engineering and Construction, ASEA-SEC-5 2020",,2020,1,SENS_SCOPUS_02860,JA_EXISTIA_NO_CORPUS,REG_03948,titulo_exato
SENS_SCOPUS_02865,Scopus,scopus_nucleo_a5_sensibilidade_ia_ml,THE ADOPTION OF BUILDING INFORMATION MODELLING (BIM) FOR BIM-BASED PROJECT CONTRACTORS DURING THE CONSTRUCTION PHASE,,2022,1,SENS_SCOPUS_02865,JA_EXISTIA_NO_CORPUS,REG_02828,titulo_exato
SENS_SCOPUS_02875,Scopus,scopus_nucleo_a5_sensibilidade_ia_ml,"15th ISEAM flagship World Congress on Engineering Asset Management, WCEAM 2021",,2022,1,SENS_SCOPUS_02875,JA_EXISTIA_NO_CORPUS,REG_08019,titulo_exato
SENS_SCOPUS_02886,Scopus,scopus_nucleo_a5_sensibilidade_ia_ml,Machine Learning Applications in Facility Life-Cycle Cost Analysis: A Review,10.1061/9780784482445.034,2019,2,SENS_SCOPUS_02886|SENS_WOS_art01_00471,JA_EXISTIA_NO_CORPUS,REG_04318,doi_exato
SENS_SCOPUS_02899,Scopus,scopus_nucleo_a5_sensibilidade_ia_ml,"8th International Conference on Sustainable Design and Manufacturing, KES-SDM 2021",,2022,1,SENS_SCOPUS_02899,JA_EXISTIA_NO_CORPUS,REG_07713,titulo_exato
SENS_SCOPUS_02902,Scopus,scopus_nucleo_a5_sensibilidade_ia_ml,Integrating BIM into sensor-based facilities management operations,10.1108/JFM-08-2020-0055,2022,2,SENS_SCOPUS_02902|SENS_WOS_art02_00095,JA_EXISTIA_NO_CORPUS,REG_02595,doi_exato
SENS_SCOPUS_02912,Scopus,scopus_nucleo_a5_sensibilidade_ia_ml,Intelligent Facility Management System for Self-sustainable Homes in Smart Cities: An Integrated Approach,,2022,1,SENS_SCOPUS_02912,JA_EXISTIA_NO_CORPUS,REG_02765,titulo_exato
SENS_SCOPUS_02916,Scopus,scopus_nucleo_a5_sensibilidade_ia_ml,Assessing building performance in residential buildings using BIM and sensor data,10.1108/IJBPA-01-2019-0012,2020,2,SENS_SCOPUS_02916|SENS_WOS_art02_00225,JA_EXISTIA_NO_CORPUS,REG_03830,doi_exato
SENS_SCOPUS_02917,Scopus,scopus_nucleo_a5_sensibilidade_ia_ml,Anomaly analysis on indoor office spaces for facility management using deep learning methods,10.1016/j.jobe.2021.103139,2021,2,SENS_SCOPUS_02917|SENS_WOS_art01_00291,JA_EXISTIA_NO_CORPUS,REG_08456,doi_exato
SENS_SCOPUS_02923,Scopus,scopus_nucleo_a5_sensibilidade_ia_ml,Conversation‐based information delivery method for facility management,10.3390/s21144771,2021,2,SENS_SCOPUS_02923|SENS_WOS_art01_00634,JA_EXISTIA_NO_CORPUS,REG_03121,doi_exato
SENS_SCOPUS_02927,Scopus,scopus_nucleo_a5_sensibilidade_ia_ml,Discussion of digital transition impact in Facility Management of buildings,10.1088/1755-1315/1101/6/062021,2022,1,SENS_SCOPUS_02927,JA_EXISTIA_NO_CORPUS,REG_02737,doi_exato
SENS_SCOPUS_02934,Scopus,scopus_nucleo_a5_sensibilidade_ia_ml,A model to support long-term building maintenance planning for multifamily housing,10.1016/j.jobe.2021.103000,2021,1,SENS_SCOPUS_02934,JA_EXISTIA_NO_CORPUS,REG_03002,doi_exato
SENS_SCOPUS_02936,Scopus,scopus_nucleo_a5_sensibilidade_ia_ml,A framework of developing machine learning models for facility life-cycle cost analysis,10.1080/09613218.2019.1691488,2020,2,SENS_SCOPUS_02936|SENS_WOS_art01_00494,JA_EXISTIA_NO_CORPUS,REG_03671,doi_exato
SENS_SCOPUS_02942,Scopus,scopus_nucleo_a5_sensibilidade_ia_ml,Parallel computing-based online geometry triangulation for building information modeling utilizing big data,10.1016/j.autcon.2019.102942,2019,1,SENS_SCOPUS_02942,JA_EXISTIA_NO_CORPUS,REG_09138,doi_exato
SENS_SCOPUS_02951,Scopus,scopus_nucleo_a5_sensibilidade_ia_ml,"30th International Conference on Organization and Technology of Maintenance, OTO 2021",,2022,1,SENS_SCOPUS_02951,JA_EXISTIA_NO_CORPUS,REG_02880,titulo_exato
SENS_SCOPUS_02958,Scopus,scopus_nucleo_a5_sensibilidade_ia_ml,Automated staff assignment for building maintenance using natural language processing,10.1016/j.autcon.2020.103150,2020,3,SENS_SCOPUS_02958|SENS_WOS_art01_00629|SENS_CROSSREF_01211,JA_EXISTIA_NO_CORPUS,REG_09233,doi_exato
SENS_SCOPUS_02987,Scopus,scopus_nucleo_a5_sensibilidade_ia_ml,Building performance and occupancy evaluation for public building stock management: A state of the art,10.14455/ISEC.2020.7(2).FAM-03,2020,1,SENS_SCOPUS_02987,JA_EXISTIA_NO_CORPUS,REG_03882,doi_exato
SENS_SCOPUS_02999,Scopus,scopus_nucleo_a5_sensibilidade_ia_ml,From building to city level dynamic digital Twin: A review from data management perspective,10.1088/1755-1315/1101/9/092033,2022,1,SENS_SCOPUS_02999,JA_EXISTIA_NO_CORPUS,REG_02783,doi_exato
SENS_SCOPUS_03000,Scopus,scopus_nucleo_a5_sensibilidade_ia_ml,Development of an Energy-Aware Intelligent Facility Management System for Campus Facilities,10.1016/j.proeng.2015.08.446,2015,1,SENS_SCOPUS_03000,JA_EXISTIA_NO_CORPUS,REG_01146,doi_exato
SENS_SCOPUS_03012,Scopus,scopus_nucleo_a5_sensibilidade_ia_ml,"2016 Global Information Infrastructure and Networking Symposium, GIIS 2016",,2017,1,SENS_SCOPUS_03012,JA_EXISTIA_NO_CORPUS,REG_00479,titulo_exato
SENS_SCOPUS_03017,Scopus,scopus_nucleo_a5_sensibilidade_ia_ml,A fuzzy-AHP-based decision support system for maintenance strategy selection in facility management,10.23919/PICMET.2017.8125300,2017,1,SENS_SCOPUS_03017,JA_EXISTIA_NO_CORPUS,REG_00365,doi_exato
SENS_SCOPUS_03018,Scopus,scopus_nucleo_a5_sensibilidade_ia_ml,On-line early fault detection of a centrifugal chiller based on data driven approach,10.1115/ES2016-59291,2016,2,SENS_SCOPUS_03018|SENS_WOS_art01_00922,JA_EXISTIA_NO_CORPUS,REG_00965,doi_exato
SENS_SCOPUS_03021,Scopus,scopus_nucleo_a5_sensibilidade_ia_ml,A non-intrusive occupancy monitoring system for demand driven HVAC operations,10.1061/9780784412329.084,2012,1,SENS_SCOPUS_03021,JA_EXISTIA_NO_CORPUS,REG_01925,doi_exato
SENS_SCOPUS_03047,Scopus,scopus_nucleo_a5_sensibilidade_ia_ml,Research on the application of GIS-based measures in the advancement of the CPMS,10.1109/CSCI.2015.54,2016,1,SENS_SCOPUS_03047,JA_EXISTIA_NO_CORPUS,REG_00823,doi_exato
SENS_SCOPUS_03048,Scopus,scopus_nucleo_a5_sensibilidade_ia_ml,Knowledge Modeling in Construction of Technical Management System for Large Warehousing Facilities,10.1016/j.proeng.2015.10.023,2015,1,SENS_SCOPUS_03048,JA_EXISTIA_NO_CORPUS,REG_01206,doi_exato
SENS_SCOPUS_03070,Scopus,scopus_nucleo_a5_sensibilidade_ia_ml,Development of a decision support system for proactive energy and maintenance management decisions,,2011,1,SENS_SCOPUS_03070,JA_EXISTIA_NO_CORPUS,REG_02076,titulo_exato
SENS_SCOPUS_03079,Scopus,scopus_nucleo_a5_sensibilidade_ia_ml,Multicriteria Decision Making for Homeowners' Participation in Building Maintenance,10.1061/(ASCE)UP.1943-5444.0000108,2012,1,SENS_SCOPUS_03079,JA_EXISTIA_NO_CORPUS,REG_01955,doi_exato
SENS_SCOPUS_03081,Scopus,scopus_nucleo_a5_sensibilidade_ia_ml,Application of building simulation to support ISO 50001 energy management: Case study of fiumicino airport,,2015,1,SENS_SCOPUS_03081,JA_EXISTIA_NO_CORPUS,REG_01262,titulo_exato
SENS_SCOPUS_03093,Scopus,scopus_nucleo_a5_sensibilidade_ia_ml,Risk-based prioritization of maintenance tasks,,2017,1,SENS_SCOPUS_03093,JA_EXISTIA_NO_CORPUS,REG_08115,titulo_exato
SENS_SCOPUS_03099,Scopus,scopus_nucleo_a5_sensibilidade_ia_ml,A 'big data' approach to the application of building performance simulation to improve the operational performance of large estates,10.26868/25222708.2017.683,2017,1,SENS_SCOPUS_03099,JA_EXISTIA_NO_CORPUS,REG_00549,doi_exato
SENS_SCOPUS_03103,Scopus,scopus_nucleo_a5_sensibilidade_ia_ml,A PID inspired feature extraction method for HVAC terminal units,10.1109/SusTech.2017.8333470,2018,2,SENS_SCOPUS_03103|SENS_WOS_art02_00059,JA_EXISTIA_NO_CORPUS,REG_00141,doi_exato
SENS_SCOPUS_03104,Scopus,scopus_nucleo_a5_sensibilidade_ia_ml,NetFlinCS: A hybrid cloud-based framework to allow context-based detection and surveillance,10.1109/VSMM.2017.8346289,2018,2,SENS_SCOPUS_03104|SENS_WOS_art02_00140,JA_EXISTIA_NO_CORPUS,REG_00136,doi_exato
SENS_SCOPUS_03105,Scopus,scopus_nucleo_a5_sensibilidade_ia_ml,Examining budget policies for new and existing facilities: A system dynamics approach,10.1139/cjce-2015-0486,2016,1,SENS_SCOPUS_03105,JA_EXISTIA_NO_CORPUS,REG_00811,doi_exato
SENS_SCOPUS_03111,Scopus,scopus_nucleo_a5_sensibilidade_ia_ml,Factors affecting components in the life-time costs of buildings,10.4324/9781315025018,2014,1,SENS_SCOPUS_03111,JA_EXISTIA_NO_CORPUS,REG_01415,doi_exato
SENS_SCOPUS_03125,Scopus,scopus_nucleo_a5_sensibilidade_ia_ml,Application of back-propagation artificial neural network to predict maintenance costs and budget for University buildings,10.1109/ICNC.2010.5583722,2010,1,SENS_SCOPUS_03125,JA_EXISTIA_NO_CORPUS,REG_02383,doi_exato
SENS_SCOPUS_03133,Scopus,scopus_nucleo_a5_sensibilidade_ia_ml,"2013 2nd International Conference on Civil, Architectural and Hydraulic Engineering, ICCAHE 2013",,2013,1,SENS_SCOPUS_03133,JA_EXISTIA_NO_CORPUS,REG_01640,titulo_exato
SENS_SCOPUS_03143,Scopus,scopus_nucleo_a5_sensibilidade_ia_ml,"Automated approaches towards BIM-based intelligent decision support in design, construction, and facility operations",10.1007/978-3-319-91638-5_15,2018,2,SENS_SCOPUS_03143|SENS_WOS_art01_00994,JA_EXISTIA_NO_CORPUS,REG_00242,doi_exato
SENS_SCOPUS_03145,Scopus,scopus_nucleo_a5_sensibilidade_ia_ml,GAA*-based decision approach for hospital building renovation management,10.4028/www.scientific.net/AMR.403-408.5265,2012,1,SENS_SCOPUS_03145,JA_EXISTIA_NO_CORPUS,REG_08182,doi_exato
SENS_SCOPUS_03148,Scopus,scopus_nucleo_a5_sensibilidade_ia_ml,Decision support for building renovation strategies,10.1061/41182(416)103,2011,1,SENS_SCOPUS_03148,JA_EXISTIA_NO_CORPUS,REG_02184,titulo_aproximado_0.94_confirmado
SENS_SCOPUS_03150,Scopus,scopus_nucleo_a5_sensibilidade_ia_ml,Hierarchy based information requirements for sustainable operations of buildings in Qatar,10.1016/j.scs.2017.03.005,2017,1,SENS_SCOPUS_03150,JA_EXISTIA_NO_CORPUS,REG_00431,doi_exato
SENS_SCOPUS_03152,Scopus,scopus_nucleo_a5_sensibilidade_ia_ml,Prediction methods and precise electricity energy prediction of school facility,10.14257/ijsh.2016.10.9.27,2016,1,SENS_SCOPUS_03152,JA_EXISTIA_NO_CORPUS,REG_00959,doi_exato
SENS_SCOPUS_03162,Scopus,scopus_nucleo_a5_sensibilidade_ia_ml,An agent-based framework for occupant-oriented intelligent facility management scheduling,10.1061/9780784413616.227,2014,1,SENS_SCOPUS_03162,JA_EXISTIA_NO_CORPUS,REG_08540,doi_exato
SENS_SCOPUS_03168,Scopus,scopus_nucleo_a5_sensibilidade_ia_ml,Leveraging bim for automated fault detection in operational buildings,10.22260/isarc2013/0020,2013,1,SENS_SCOPUS_03168,JA_EXISTIA_NO_CORPUS,REG_01751,doi_exato
SENS_WOS_art01_00414,WoS,wos_nucleo_a5_sensibilidade_ia_ml,Towards the DT of an educational building: an AI-based distributed measurement system for the power forecasting,10.1109/AMPS62611.2024.10706690,2024,1,SENS_WOS_art01_00414,JA_EXISTIA_NO_CORPUS,REG_09182,doi_exato
SENS_WOS_art01_00649,WoS,wos_nucleo_a5_sensibilidade_ia_ml,Operational text-mining methods for enhancing building maintenance management,10.1080/09613218.2021.1953368,2021,1,SENS_WOS_art01_00649,JA_EXISTIA_NO_CORPUS,REG_03326,doi_exato
SENS_WOS_art01_00709,WoS,wos_nucleo_a5_sensibilidade_ia_ml,Review: The Role of Artificial Intelligence in Building Information Modeling,10.1145/3716489.3728433,2025,1,SENS_WOS_art01_00709,JA_EXISTIA_NO_CORPUS,REG_09166,doi_exato
SENS_WOS_art02_00010,WoS,wos_nucleo_a5_sensibilidade_ia_ml,THE FUTURE OF Artificial Intelligence In Buildings,,2023,1,SENS_WOS_art02_00010,JA_EXISTIA_NO_CORPUS,REG_09530,titulo_exato
SENS_WOS_art02_00060,WoS,wos_nucleo_a5_sensibilidade_ia_ml,From BIM Towards Digital Twin: Strategy and Future Development for Smart Asset Management,10.1007/978-3-030-27477-1_30,2020,1,SENS_WOS_art02_00060,JA_EXISTIA_NO_CORPUS,REG_03938,doi_exato
SENS_WOS_art02_00162,WoS,wos_nucleo_a5_sensibilidade_ia_ml,BIM Maintenance System with IoT Integration: Enhancing Building Performance and Facility Management,10.28991/CEJ-2024-010-06-015,2024,1,SENS_WOS_art02_00162,JA_EXISTIA_NO_CORPUS,REG_06338,doi_exato
SENS_WOS_art02_00190,WoS,wos_nucleo_a5_sensibilidade_ia_ml,Building Information Modeling (BIM) Capabilities in the Operation and Maintenance Phase of Green Buildings: A Systematic Review,10.3390/buildings12060830,2022,1,SENS_WOS_art02_00190,JA_EXISTIA_NO_CORPUS,REG_02580,doi_exato
SENS_WOS_art02_00234,WoS,wos_nucleo_a5_sensibilidade_ia_ml,Data analytics to improve building performance: A critical review,10.1016/j.autcon.2018.10.020,2019,1,SENS_WOS_art02_00234,JA_EXISTIA_NO_CORPUS,REG_04333,doi_exato
SENS_WOS_art02_00271,WoS,wos_nucleo_a5_sensibilidade_ia_ml,Facility management information taxonomy framework for queries in healthcare buildings,10.1016/j.jobe.2021.102510,2021,1,SENS_WOS_art02_00271,JA_EXISTIA_NO_CORPUS,REG_02993,doi_exato
SENS_WOS_art02_00280,WoS,wos_nucleo_a5_sensibilidade_ia_ml,Determination of Business Intelligence and Analytics-Based Healthcare Facility Management Key Performance Indicators,10.3390/app12020651,2022,1,SENS_WOS_art02_00280,JA_EXISTIA_NO_CORPUS,REG_02759,doi_exato
SENS_WOS_art02_00300,WoS,wos_nucleo_a5_sensibilidade_ia_ml,Developing a Digital Twin at Building and City Levels: Case Study of West Cambridge Campus,10.1061/(ASCE)ME.1943-5479.0000763,2020,1,SENS_WOS_art02_00300,JA_EXISTIA_NO_CORPUS,REG_03741,doi_exato
SENS_WOS_art02_00306,WoS,wos_nucleo_a5_sensibilidade_ia_ml,Ten questions concerning building performance analysis,10.1016/j.buildenv.2019.02.019,2019,1,SENS_WOS_art02_00306,JA_EXISTIA_NO_CORPUS,REG_04248,doi_exato
SENS_WOS_art02_00366,WoS,wos_nucleo_a5_sensibilidade_ia_ml,Ontologies for prognostics and health management of production systems: overview and research challenges,10.1007/s10845-024-02347-w,2025,1,SENS_WOS_art02_00366,JA_EXISTIA_NO_CORPUS,REG_05465,doi_exato
SENS_WOS_art02_00394,WoS,wos_nucleo_a5_sensibilidade_ia_ml,Digital-intelligent empowerment of alkaline water electrolysis: cross-level optimization from components to systems,10.1360/CSB-2025-5544,2026,1,SENS_WOS_art02_00394,JA_EXISTIA_NO_CORPUS,REG_09177,doi_exato
SENS_WOS_art02_00419,WoS,wos_nucleo_a5_sensibilidade_ia_ml,Quantifying Performance Degradation of HVAC Systems for Proactive Maintenance Using a Data-Driven Approach,10.1007/978-3-319-91635-4_25,2018,1,SENS_WOS_art02_00419,JA_EXISTIA_NO_CORPUS,REG_00221,doi_exato
SENS_WOS_art02_00425,WoS,wos_nucleo_a5_sensibilidade_ia_ml,A review on 5G technology for smart energy management and smart buildings in Singapore,10.1016/j.egyai.2021.100116,2022,1,SENS_WOS_art02_00425,JA_EXISTIA_NO_CORPUS,REG_02743,doi_exato
SENS_WOS_art02_00458,WoS,wos_nucleo_a5_sensibilidade_ia_ml,A Systematic Review of the Extent to Which BIM Is Integrated into Operation and Maintenance,10.3390/su14148692,2022,1,SENS_WOS_art02_00458,JA_EXISTIA_NO_CORPUS,REG_02557,doi_exato
SENS_WOS_art02_00470,WoS,wos_nucleo_a5_sensibilidade_ia_ml,The applications of building information modeling in the life-cycle of green buildings: a comprehensive review,10.1080/23744731.2024.2351310,2024,1,SENS_WOS_art02_00470,JA_EXISTIA_NO_CORPUS,REG_06494,doi_exato
SENS_WOS_art02_00492,WoS,wos_nucleo_a5_sensibilidade_ia_ml,Integration of BIM and Immersive Technologies for AEC: A Scientometric-SWOT Analysis and Critical Content Review,10.3390/buildings11030126,2021,1,SENS_WOS_art02_00492,JA_EXISTIA_NO_CORPUS,REG_03256,doi_exato
SENS_WOS_art02_00500,WoS,wos_nucleo_a5_sensibilidade_ia_ml,Knowledge Extraction and Discovery Based on BIM: A Critical Review and Future Directions,10.1007/s11831-021-09576-9,2022,1,SENS_WOS_art02_00500,JA_EXISTIA_NO_CORPUS,REG_02832,doi_exato
SENS_WOS_art02_00509,WoS,wos_nucleo_a5_sensibilidade_ia_ml,"Prioritizing Heritage Building Maintenance: A Fuzzy Model Approach for Arc De Bera, Spain",10.5281/zenodo.10442276,2023,1,SENS_WOS_art02_00509,JA_EXISTIA_NO_CORPUS,REG_09169,doi_exato
SENS_WOS_art02_00512,WoS,wos_nucleo_a5_sensibilidade_ia_ml,Digital twin application in the construction industry: A literature review,10.1016/j.jobe.2021.102726,2021,1,SENS_WOS_art02_00512,JA_EXISTIA_NO_CORPUS,REG_03102,doi_exato
SENS_WOS_art02_00515,WoS,wos_nucleo_a5_sensibilidade_ia_ml,Analysis of basic building performance data for identification of performance issues,10.1108/F-01-2016-0003,2017,1,SENS_WOS_art02_00515,JA_EXISTIA_NO_CORPUS,REG_00554,doi_exato
SENS_WOS_art02_00536,WoS,wos_nucleo_a5_sensibilidade_ia_ml,BIM-enabled facilities operation and maintenance: A review,10.1016/j.aei.2019.01.005,2019,1,SENS_WOS_art02_00536,JA_EXISTIA_NO_CORPUS,REG_04323,doi_exato
SENS_CROSSREF_00666,Crossref,crossref_ia_04,Significance and nature of building maintenance,10.1201/9781003358800-2,2024,1,SENS_CROSSREF_00666,JA_EXISTIA_NO_CORPUS,REG_08233,doi_exato
SENS_CROSSREF_00678,Crossref,crossref_ia_04,Research on bearing fault diagnosis and predictive maintenance algorithm of track moving equipment,10.1049/icp.2026.0403,2026,1,SENS_CROSSREF_00678,JA_EXISTIA_NO_CORPUS,REG_04730,doi_exato
SENS_CROSSREF_00751,Crossref,crossref_ia_04,Building and Facilities Maintenance Management,10.1201/9781003358800,2024,1,SENS_CROSSREF_00751,JA_EXISTIA_NO_CORPUS,REG_06520,doi_exato
SENS_CROSSREF_00773,Crossref,crossref_ia_04,Development of an ontology-based asset information model for predictive maintenance in building facilities,10.1108/sasbe-07-2023-0170,2025,1,SENS_CROSSREF_00773,JA_EXISTIA_NO_CORPUS,REG_05430,doi_exato
SENS_CROSSREF_00776,Crossref,crossref_ia_04,Maintenance and conservation of historic buildings,10.1201/9781003358800-5,2024,1,SENS_CROSSREF_00776,JA_EXISTIA_NO_CORPUS,REG_08275,doi_exato
SENS_CROSSREF_00777,Crossref,crossref_ia_04,Common maintenance issues and managing defects,10.1201/9781003358800-4,2024,1,SENS_CROSSREF_00777,JA_EXISTIA_NO_CORPUS,REG_08271,doi_exato
SENS_CROSSREF_00916,Crossref,crossref_ia_05,Multi-condition building decarbonization using deep reinforcement learning and large language model,10.1016/j.enbuild.2025.115810,2025,1,SENS_CROSSREF_00916,JA_EXISTIA_NO_CORPUS,REG_05286,doi_exato
SENS_CROSSREF_01426,Crossref,crossref_ia_08,Maintenance cost prediction for aging residential buildings based on case-based reasoning and genetic algorithm,10.1016/j.jobe.2019.101006,2020,1,SENS_CROSSREF_01426,JA_EXISTIA_NO_CORPUS,REG_03789,doi_exato
SENS_CROSSREF_01489,Crossref,crossref_ia_08,Prediction of optimum heating timing based on artificial neural network by utilizing BEMS data,10.1016/j.jobe.2018.11.012,2019,1,SENS_CROSSREF_01489,JA_EXISTIA_NO_CORPUS,REG_04280,doi_exato
SENS_CROSSREF_01504,Crossref,crossref_ia_08,Bayesian-Neural-Network-Based Approach for Probabilistic Prediction of Building-Energy Demands,10.3390/su16229943,2024,1,SENS_CROSSREF_01504,JA_EXISTIA_NO_CORPUS,REG_06176,doi_exato
SENS_CROSSREF_01513,Crossref,crossref_ia_08,Life Cycle Cost Analysis of Maintenance Costs and Budgets for University Buildings in Taiwan,10.3130/jaabe.11.87,2012,1,SENS_CROSSREF_01513,JA_EXISTIA_NO_CORPUS,REG_07815,doi_exato
SENS_CROSSREF_01555,Crossref,crossref_ia_08,LIFE CYCLE COST (LCC) OF UNIVERSITY BUILDING MAINTENANCE: A SYSTEMATISED REVIEW,10.21837/pm.v23i35.1694,2025,1,SENS_CROSSREF_01555,JA_EXISTIA_NO_CORPUS,REG_05612,doi_exato
SENS_CROSSREF_01859,Crossref,crossref_ia_10,Developing a conceptual framework for the application of digital twin technologies to revamp building operation and maintenance processes,10.1016/j.jobe.2022.104028,2022,1,SENS_CROSSREF_01859,JA_EXISTIA_NO_CORPUS,REG_02604,doi_exato
SENS_CROSSREF_01867,Crossref,crossref_ia_10,Application and enabling digital twin technologies in the operation and maintenance stage of the AEC industry: A literature review,10.1016/j.jobe.2023.107859,2023,1,SENS_CROSSREF_01867,JA_EXISTIA_NO_CORPUS,REG_06908,doi_exato
SENS_CROSSREF_01876,Crossref,crossref_ia_10,Digital Twin-based Framework for Green Building Maintenance System,10.1109/ieem45057.2020.9309951,2020,1,SENS_CROSSREF_01876,JA_EXISTIA_NO_CORPUS,REG_03534,doi_exato
SENS_CROSSREF_01908,Crossref,crossref_ia_10,Sustainable Operation and Maintenance Modeling and Application of Building Infrastructures Combined with Digital Twin Framework,10.3390/s23094182,2023,1,SENS_CROSSREF_01908,JA_EXISTIA_NO_CORPUS,REG_07127,doi_exato
SENS_CROSSREF_01956,Crossref,crossref_ia_10,Application of a building structure whole life cycle operation and maintenance management system based on building information modeling and digital twin,10.1117/12.3078611,2025,1,SENS_CROSSREF_01956,JA_EXISTIA_NO_CORPUS,REG_05232,doi_exato
SENS_CROSSREF_01969,Crossref,crossref_ia_10,Development and application of a digital twin model for Net zero energy building operation and maintenance utilizing BIM-IoT integration,10.1016/j.enbuild.2024.115170,2025,1,SENS_CROSSREF_01969,JA_EXISTIA_NO_CORPUS,REG_05520,doi_exato
SENS_SCOPUS_00312,Scopus,scopus_nucleo_a5_sensibilidade_ia_ml,Experimental investigation on operating conditions for augmented reality utilizing indoor building element’s images as markers for construction and facility management,10.1016/j.kscej.2025.100484,2026,2,SENS_SCOPUS_00312|SENS_WOS_art02_00440,JA_EXISTIA_NO_CORPUS,REG_08530,revisao_manual_preprint_ssrn_vs_publicado_kscej
SENS_CROSSREF_01428,Crossref,crossref_ia_08,Bayesian Neural Network-Based Approach for Probabilistic Prediction of Building Energy Demands,10.20944/preprints202409.2211.v1,2024,1,SENS_CROSSREF_01428,JA_EXISTIA_NO_CORPUS,REG_06176,revisao_manual_preprint_vs_publicado_mdpi
